,status,month,credit_history,purpose,credit_amount,savings,employment,investment_as_income_percentage,sex,other_debtors,residence_since,property,age,installment_plans,housing,number_of_credits,skill_level,people_liable_for,telephone,foreign_worker,credit,age_cat
4,A11,6,A34,A43,1175,A61,A73,4,male,A101,4,A121,67,A143,A152,2,A173,1,A191,A201,1,old
4,A12,48,A32,A41,7166,A61,A73,2,female,A101,2,A121,22,A143,A152,2,A173,1,A191,A201,2,young
4,A14,13,A34,A46,2073,A61,A74,2,male,A101,3,A121,49,A143,A151,2,A172,2,A191,A201,1,old
4,A11,45,A32,A42,7882,A61,A74,2,male,A103,4,A122,45,A143,A152,2,A173,2,A191,A201,1,old
4,A11,24,A32,A40,4870,A61,A73,3,male,A101,4,A124,53,A143,A152,2,A173,2,A191,A201,2,old
4,A13,39,A32,A40,9283,A61,A73,2,female,A101,4,A124,35,A143,A152,2,A172,2,A192,A201,1,old
4,A14,24,A32,A42,2848,A63,A72,3,male,A101,4,A122,53,A143,A152,2,A173,1,A191,A201,1,old
11,A12,39,A32,A41,6948,A61,A73,2,male,A101,2,A123,35,A143,A151,2,A174,1,A192,A201,1,old
11,A14,13,A32,A43,3049,A64,A74,2,male,A101,4,A121,61,A143,A152,2,A172,1,A191,A201,1,old
11,A12,30,A32,A40,5179,A61,A71,4,female,A101,2,A123,28,A143,A152,2,A173,1,A191,A201,2,old
11,A12,14,A32,A40,1316,A61,A72,3,female,A101,1,A123,25,A143,A151,2,A173,1,A191,A201,2,old
11,A11,48,A33,A42,6110,A61,A72,3,male,A101,4,A122,24,A143,A152,2,A173,1,A191,A201,2,young
17,A12,14,A32,A43,1940,A61,A73,1,female,A101,1,A123,22,A143,A152,2,A173,1,A192,A201,1,young
11,A11,24,A34,A40,1199,A61,A73,4,male,A101,4,A123,60,A143,A152,2,A172,1,A191,A201,2,old
17,A11,16,A32,A40,1412,A61,A73,2,female,A101,4,A123,28,A143,A151,2,A173,1,A191,A201,1,old
17,A11,24,A32,A43,1300,A62,A73,4,female,A101,2,A123,32,A143,A152,2,A172,1,A191,A201,2,old
17,A14,24,A34,A43,2473,A62,A71,4,male,A101,4,A122,53,A143,A152,2,A173,1,A191,A201,1,old
17,A11,30,A34,A42,8133,A65,A72,2,male,A101,3,A123,25,A141,A152,4,A173,1,A191,A201,1,old
17,A12,24,A32,A41,14555,A61,A75,4,female,A101,2,A123,44,A143,A152,2,A172,1,A192,A201,2,old
17,A14,24,A32,A43,3446,A63,A75,3,male,A101,2,A123,31,A143,A152,2,A173,2,A191,A201,1,old
39,A13,9,A32,A43,2136,A61,A73,4,male,A101,4,A123,48,A143,A152,4,A173,1,A191,A201,1,old
39,A11,6,A32,A43,2647,A63,A73,2,male,A101,3,A121,44,A143,A151,2,A173,2,A191,A201,1,old
39,A11,10,A32,A42,2246,A61,A72,1,male,A101,3,A121,48,A143,A151,2,A172,2,A191,A201,1,old
39,A12,13,A34,A41,1819,A62,A72,3,male,A101,4,A122,44,A143,A152,2,A173,1,A191,A201,1,old
39,A12,10,A32,A42,2073,A61,A73,2,male,A101,1,A123,26,A143,A152,2,A173,1,A191,A201,1,old
39,A11,6,A32,A42,1393,A61,A73,1,female,A101,2,A121,36,A141,A152,2,A172,1,A191,A201,1,old
43,A14,6,A32,A43,426,A61,A72,4,male,A103,4,A123,39,A143,A152,2,A172,1,A191,A201,1,old
43,A12,14,A31,A43,426,A61,A73,3,female,A101,3,A121,42,A143,A152,2,A173,1,A191,A201,1,old
43,A12,8,A32,A43,2522,A61,A73,3,female,A103,2,A121,34,A143,A152,2,A173,1,A191,A201,1,old
43,A11,72,A34,A40,6761,A61,A73,3,male,A101,4,A124,63,A143,A152,2,A173,1,A191,A201,2,old
43,A12,18,A32,A43,1908,A62,A72,3,male,A101,3,A121,36,A141,A152,2,A173,1,A191,A201,1,old
43,A11,24,A32,A42,4113,A61,A73,2,male,A101,2,A123,27,A143,A152,2,A173,1,A191,A201,1,old
47,A12,18,A32,A43,6110,A62,A73,2,male,A101,2,A123,30,A143,A152,2,A173,1,A191,A201,1,old
47,A14,13,A32,A42,1274,A65,A72,4,male,A101,4,A123,57,A143,A151,2,A172,1,A191,A201,1,old
47,A13,14,A32,A42,1494,A61,A72,4,female,A101,1,A122,33,A143,A152,2,A173,1,A191,A201,1,old
47,A12,45,A34,A43,4795,A61,A72,4,male,A101,2,A122,25,A143,A152,2,A172,1,A191,A201,2,old
47,A13,60,A34,A49,6110,A61,A73,1,male,A101,3,A122,31,A141,A151,2,A173,1,A192,A201,1,old
58,A11,18,A32,A43,2073,A62,A73,4,male,A102,2,A121,37,A142,A151,2,A173,1,A191,A201,2,old
58,A13,10,A32,A43,1224,A61,A73,2,male,A101,2,A123,37,A143,A152,2,A173,1,A191,A201,1,old
39,A12,9,A32,A46,697,A61,A73,4,male,A101,3,A121,24,A143,A152,2,A173,1,A191,A201,1,young
58,A14,30,A32,A43,2337,A63,A72,4,male,A101,2,A123,30,A143,A152,2,A172,1,A191,A201,1,old
58,A12,14,A32,A43,1158,A63,A73,3,female,A101,1,A123,26,A143,A152,2,A173,1,A192,A201,1,old
58,A12,18,A32,A45,6260,A61,A73,2,male,A101,4,A121,44,A143,A152,2,A172,2,A191,A201,1,old
43,A11,30,A34,A41,7166,A62,A74,1,male,A101,4,A123,24,A143,A151,4,A173,1,A191,A201,1,young
58,A11,60,A34,A41,6260,A61,A75,4,female,A101,4,A122,58,A142,A153,2,A172,1,A191,A201,2,old
59,A14,13,A34,A41,1412,A61,A73,4,female,A101,4,A123,35,A143,A152,2,A173,1,A191,A201,1,old
59,A14,39,A32,A43,2302,A63,A72,4,male,A101,4,A123,39,A143,A152,2,A173,1,A191,A201,1,old
47,A11,6,A32,A41,1574,A63,A71,1,female,A101,2,A122,23,A143,A152,2,A171,1,A192,A201,1,young
59,A14,13,A32,A40,7166,A61,A73,1,male,A101,4,A122,39,A143,A152,2,A172,1,A191,A201,1,old
59,A14,14,A32,A43,2121,A62,A73,4,female,A101,2,A121,28,A143,A152,2,A173,1,A191,A201,1,old
59,A12,24,A33,A42,2366,A65,A71,4,female,A101,2,A122,29,A143,A152,2,A172,1,A191,A201,1,old
59,A12,28,A33,A41,6110,A61,A73,1,male,A101,2,A123,30,A143,A152,2,A172,1,A192,A201,1,old
67,A14,13,A32,A43,1255,A61,A73,3,male,A101,2,A123,25,A143,A152,2,A173,1,A191,A201,1,old
67,A14,18,A32,A41,3399,A65,A73,2,female,A101,1,A122,31,A143,A151,2,A173,1,A192,A201,1,old
67,A12,39,A32,A40,2223,A61,A75,4,male,A101,4,A123,57,A141,A153,2,A173,1,A192,A201,2,old
67,A14,6,A31,A49,783,A62,A73,1,male,A103,2,A121,26,A142,A152,2,A172,2,A191,A201,1,old
67,A12,13,A32,A43,6614,A61,A71,2,male,A101,1,A124,52,A143,A152,2,A172,1,A192,A201,2,old
79,A14,39,A34,A43,9857,A65,A73,2,female,A101,2,A122,31,A142,A152,2,A173,1,A191,A201,1,old
58,A13,20,A32,A40,2337,A61,A75,3,female,A101,2,A123,23,A143,A152,2,A174,1,A191,A201,1,young
59,A11,40,A34,A42,7432,A61,A74,4,female,A102,4,A124,23,A143,A152,4,A172,1,A192,A201,2,young
79,A12,9,A32,A42,1393,A61,A73,2,male,A101,1,A121,27,A141,A152,2,A173,1,A192,A201,1,old
79,A12,16,A34,A43,1552,A62,A72,4,female,A103,4,A121,50,A143,A152,2,A173,1,A191,A201,1,old
79,A12,39,A32,A43,1963,A61,A75,4,male,A101,4,A121,61,A143,A152,2,A173,1,A192,A201,2,old
79,A12,60,A31,A49,15653,A61,A73,2,male,A102,2,A123,25,A143,A152,2,A173,1,A192,A201,2,old
79,A14,24,A32,A43,3342,A61,A72,4,female,A101,4,A122,26,A143,A152,2,A173,1,A192,A201,1,old
82,A14,28,A32,A45,5179,A61,A74,4,male,A101,4,A122,48,A143,A152,4,A173,2,A192,A201,1,old
82,A14,14,A32,A43,2223,A61,A72,2,female,A101,2,A121,29,A141,A152,2,A173,1,A191,A201,1,old
67,A12,13,A32,A40,1238,A64,A73,4,male,A101,1,A121,22,A143,A152,2,A173,1,A191,A201,1,young
82,A14,39,A32,A46,1819,A61,A73,4,male,A101,4,A124,37,A142,A152,2,A173,1,A192,A201,2,old
82,A14,39,A32,A43,2473,A65,A73,4,female,A101,4,A123,25,A143,A152,2,A173,1,A191,A201,1,old
82,A14,39,A32,A41,8471,A61,A73,1,female,A101,2,A122,30,A141,A152,2,A173,1,A191,A201,1,old
82,A14,8,A32,A43,731,A61,A73,4,male,A101,2,A122,46,A143,A151,2,A172,1,A192,A201,1,old
93,A11,9,A33,A43,1158,A61,A75,3,male,A101,4,A123,51,A141,A153,2,A173,2,A191,A201,1,old
93,A12,45,A34,A49,6110,A61,A74,2,female,A101,1,A121,41,A141,A152,2,A172,1,A191,A201,1,old
93,A11,39,A32,A46,1963,A65,A73,4,male,A101,4,A124,40,A143,A152,2,A173,1,A192,A201,2,old
93,A11,13,A32,A43,1530,A61,A72,4,male,A101,4,A123,66,A143,A151,2,A173,1,A191,A201,1,old
93,A11,45,A32,A43,3959,A61,A72,4,male,A101,3,A123,34,A143,A152,2,A173,1,A191,A201,2,old
93,A12,13,A32,A43,4795,A61,A74,2,male,A101,4,A122,51,A143,A151,2,A173,1,A191,A201,1,old
101,A12,60,A32,A41,9283,A65,A73,2,male,A101,2,A122,39,A143,A152,2,A172,2,A191,A201,1,old
79,A12,30,A32,A42,4870,A61,A72,2,male,A101,1,A122,22,A143,A152,2,A173,1,A191,A201,1,young
101,A14,24,A32,A43,6110,A65,A72,1,female,A101,1,A123,44,A143,A152,2,A173,1,A192,A201,2,old
101,A12,16,A32,A43,1224,A63,A72,4,female,A101,3,A122,47,A142,A152,2,A173,1,A192,A201,1,old
82,A14,20,A32,A49,1963,A62,A73,3,female,A101,4,A122,24,A143,A152,2,A172,1,A191,A201,1,young
101,A11,24,A32,A43,1819,A61,A73,4,female,A103,4,A121,58,A143,A151,2,A172,1,A192,A201,1,old
101,A11,10,A32,A43,2326,A61,A74,3,female,A101,4,A121,52,A143,A152,2,A172,1,A191,A201,1,old
102,A14,14,A34,A42,1424,A61,A73,4,female,A103,2,A121,29,A143,A152,2,A171,1,A191,A201,1,old
102,A12,18,A32,A41,1316,A61,A72,4,female,A101,1,A122,27,A143,A152,2,A173,1,A191,A201,1,old
102,A12,39,A32,A46,14555,A62,A73,1,male,A101,4,A123,47,A143,A152,2,A173,2,A192,A201,2,old
102,A11,18,A32,A40,2246,A62,A74,4,male,A101,3,A123,30,A143,A152,2,A173,2,A192,A201,1,old
102,A11,13,A31,A46,1103,A61,A74,4,male,A101,3,A121,28,A143,A152,2,A173,1,A191,A201,2,old
102,A13,13,A32,A43,639,A61,A72,4,male,A101,4,A121,56,A143,A152,2,A173,1,A191,A201,1,old
118,A11,13,A32,A43,1412,A61,A72,4,male,A101,3,A121,54,A143,A152,2,A173,1,A191,A201,1,old
118,A12,14,A32,A43,846,A61,A73,4,female,A101,3,A122,33,A141,A152,2,A172,2,A191,A201,2,old
93,A13,26,A34,A42,4272,A65,A75,4,male,A102,4,A124,20,A143,A151,4,A173,1,A192,A201,1,young
118,A12,13,A32,A40,1316,A64,A72,4,male,A101,4,A121,54,A143,A152,2,A173,1,A191,A201,1,old
118,A12,60,A31,A49,15857,A61,A72,3,male,A101,4,A122,58,A143,A152,2,A173,1,A192,A201,2,old
118,A11,14,A34,A46,2051,A65,A74,4,female,A101,2,A123,61,A143,A152,2,A173,1,A191,A201,1,old
118,A12,18,A32,A45,2611,A62,A73,4,male,A101,4,A123,34,A143,A152,2,A173,1,A191,A201,1,old
118,A12,39,A32,A43,2337,A61,A72,4,male,A101,4,A121,36,A143,A152,2,A173,1,A191,A201,1,old
118,A12,20,A31,A41,7166,A61,A74,3,male,A101,4,A122,36,A143,A151,2,A174,2,A192,A201,1,old
122,A14,24,A32,A40,1494,A62,A75,4,female,A101,4,A121,41,A143,A151,2,A172,1,A191,A201,1,old
101,A12,39,A32,A43,2896,A61,A74,4,male,A101,4,A123,24,A143,A153,2,A173,1,A191,A201,1,young
102,A14,6,A34,A43,1175,A61,A73,3,male,A101,2,A122,24,A143,A152,2,A173,1,A191,A201,1,young
122,A12,9,A32,A42,1925,A61,A74,4,female,A101,3,A123,35,A143,A151,2,A173,1,A192,A201,1,old
118,A14,13,A32,A41,2473,A65,A72,2,male,A101,4,A123,26,A143,A151,2,A173,1,A192,A201,1,old
122,A12,24,A34,A43,11998,A61,A73,2,male,A102,3,A123,39,A143,A152,2,A172,2,A191,A201,2,old
122,A11,18,A31,A40,6416,A61,A72,2,male,A101,4,A124,39,A143,A152,2,A172,2,A192,A201,2,old
122,A12,13,A32,A40,6110,A61,A74,2,male,A101,2,A123,32,A143,A152,2,A173,1,A191,A201,1,old
130,A11,24,A32,A42,7882,A62,A72,1,female,A101,2,A122,30,A143,A151,2,A173,1,A191,A202,1,old
122,A12,14,A32,A43,1412,A63,A73,1,male,A101,2,A121,35,A143,A153,2,A173,1,A192,A201,1,old
122,A12,6,A32,A49,1453,A62,A75,1,male,A101,2,A123,31,A141,A152,2,A173,2,A191,A201,1,old
118,A13,18,A32,A46,426,A61,A72,4,male,A101,4,A122,23,A143,A151,2,A173,1,A192,A201,1,young
134,A12,18,A32,A40,6314,A61,A74,3,female,A101,3,A121,28,A143,A151,2,A172,1,A191,A201,1,old
134,A14,39,A34,A42,8133,A61,A73,4,female,A101,2,A121,25,A142,A152,2,A173,1,A192,A201,2,old
130,A11,13,A32,A43,1721,A63,A71,3,male,A101,1,A121,35,A143,A151,2,A173,1,A191,A201,1,old
130,A11,60,A34,A43,3578,A63,A73,4,male,A101,1,A121,47,A143,A152,2,A173,1,A192,A201,1,old
134,A11,45,A32,A43,7308,A65,A74,4,female,A101,3,A123,30,A143,A152,2,A173,1,A192,A201,2,old
134,A11,10,A34,A42,2136,A65,A72,2,female,A101,3,A121,27,A143,A152,2,A173,1,A191,A202,1,old
122,A11,39,A34,A46,5800,A63,A73,1,female,A101,4,A122,23,A143,A152,4,A173,1,A191,A201,2,young
134,A12,13,A34,A40,2366,A63,A71,3,male,A101,3,A123,36,A143,A152,2,A173,1,A192,A201,1,old
143,A11,22,A32,A43,1867,A61,A73,3,female,A101,2,A121,25,A143,A152,2,A173,1,A192,A201,2,old
143,A12,24,A34,A41,3857,A61,A73,4,female,A101,2,A123,41,A143,A151,2,A173,1,A191,A201,1,old
122,A14,13,A32,A42,2121,A61,A74,3,male,A101,2,A121,24,A143,A151,2,A172,1,A191,A201,1,young
134,A13,10,A34,A40,783,A61,A73,4,male,A101,4,A122,63,A143,A151,2,A173,1,A191,A201,1,old
143,A12,18,A32,A42,1940,A65,A72,4,female,A101,3,A121,27,A143,A151,2,A173,1,A191,A201,2,old
134,A11,13,A34,A40,2121,A61,A73,4,male,A101,2,A122,30,A143,A151,2,A173,1,A191,A201,1,old
143,A11,13,A32,A43,697,A61,A73,4,male,A101,2,A121,40,A143,A152,2,A172,1,A191,A201,1,old
143,A12,13,A32,A45,639,A61,A73,4,male,A101,2,A123,30,A143,A152,2,A173,1,A191,A201,2,old
144,A12,14,A34,A41,1884,A61,A71,4,female,A101,2,A121,34,A143,A152,2,A173,1,A191,A201,1,old
144,A11,14,A33,A40,3552,A61,A73,3,female,A102,2,A121,29,A143,A152,2,A173,1,A191,A201,2,old
134,A12,48,A32,A40,9283,A65,A74,1,female,A101,2,A123,24,A143,A152,2,A173,1,A191,A201,1,young
143,A11,39,A33,A46,6948,A61,A73,4,male,A101,3,A122,29,A143,A152,2,A173,1,A191,A201,2,old
152,A11,16,A32,A43,2762,A61,A72,2,female,A101,3,A123,27,A143,A152,2,A172,1,A191,A201,1,old
144,A14,18,A32,A42,1995,A61,A73,4,male,A101,4,A122,47,A141,A152,2,A173,1,A191,A201,1,old
143,A14,60,A32,A43,10477,A63,A74,2,female,A101,4,A121,21,A143,A152,2,A173,1,A192,A201,1,young
152,A11,14,A32,A43,1255,A61,A72,4,female,A101,2,A121,38,A143,A152,2,A173,1,A191,A201,1,old
144,A12,28,A33,A41,8471,A64,A73,2,male,A101,2,A123,27,A143,A152,2,A173,1,A191,A201,1,old
144,A12,13,A32,A43,760,A65,A73,4,male,A101,3,A121,66,A143,A152,2,A172,1,A191,A201,2,old
144,A12,16,A34,A43,2712,A61,A74,4,male,A103,2,A121,35,A143,A152,4,A173,1,A191,A201,1,old
155,A13,14,A32,A43,1908,A61,A73,2,female,A101,2,A123,44,A143,A151,2,A172,1,A192,A201,1,old
155,A13,6,A32,A40,709,A64,A72,2,female,A101,2,A121,27,A143,A152,2,A173,1,A191,A201,1,old
155,A12,39,A32,A43,4795,A61,A73,4,female,A101,1,A124,30,A143,A152,2,A173,1,A192,A201,1,old
152,A11,28,A32,A43,3399,A61,A73,3,male,A101,2,A123,27,A143,A152,2,A173,1,A191,A201,1,old
143,A11,20,A32,A43,2991,A61,A73,2,male,A101,2,A123,22,A143,A151,2,A173,1,A191,A201,2,young
152,A14,24,A34,A43,2896,A65,A72,4,female,A101,4,A122,23,A143,A152,2,A173,1,A192,A201,1,young
152,A12,60,A34,A43,3578,A62,A74,4,male,A101,2,A123,30,A143,A152,2,A173,1,A191,A201,1,old
155,A11,6,A32,A40,846,A61,A74,1,female,A101,4,A121,39,A143,A152,2,A173,1,A192,A201,1,old
167,A14,14,A34,A40,672,A62,A74,4,female,A101,3,A122,51,A143,A152,2,A173,1,A191,A201,1,old
155,A11,39,A33,A42,5302,A61,A73,3,male,A103,2,A122,28,A143,A152,2,A173,1,A191,A201,1,old
155,A14,18,A32,A43,1574,A64,A74,4,male,A101,4,A123,46,A143,A152,2,A173,1,A191,A201,1,old
155,A14,6,A32,A43,1346,A62,A75,2,male,A101,4,A124,42,A141,A151,2,A173,2,A191,A201,1,old
167,A14,10,A34,A43,1940,A61,A73,1,female,A101,4,A122,38,A143,A152,2,A173,1,A192,A202,1,old
152,A13,39,A32,A43,6761,A61,A73,4,male,A101,1,A121,24,A143,A152,2,A173,1,A191,A201,1,young
188,A12,24,A34,A41,7882,A64,A73,2,female,A101,4,A124,29,A143,A152,2,A173,1,A191,A201,1,old
167,A12,24,A33,A42,6948,A62,A74,4,male,A101,4,A123,36,A143,A151,2,A173,1,A192,A201,1,old
167,A12,14,A32,A43,1494,A61,A73,2,female,A101,4,A123,20,A143,A152,2,A173,1,A191,A201,2,young
167,A11,9,A34,A45,1287,A62,A71,3,male,A103,4,A121,48,A143,A152,2,A173,2,A191,A202,1,old
167,A12,13,A31,A43,339,A61,A73,4,male,A101,1,A123,45,A143,A152,2,A172,1,A191,A201,1,old
188,A12,24,A32,A40,3552,A62,A74,2,female,A101,3,A123,38,A141,A152,2,A173,1,A192,A201,1,old
167,A14,6,A32,A43,1908,A61,A74,1,male,A101,2,A121,34,A143,A152,2,A172,2,A191,A201,1,old
188,A14,24,A32,A43,2896,A62,A75,3,male,A101,4,A121,36,A143,A152,2,A173,2,A191,A201,1,old
194,A14,18,A34,A40,1076,A61,A72,4,female,A101,1,A122,30,A143,A152,2,A173,1,A191,A201,1,old
188,A14,16,A32,A43,1255,A63,A74,4,male,A101,3,A122,36,A143,A152,2,A173,1,A192,A201,1,old
188,A12,10,A32,A40,7308,A61,A71,2,male,A101,4,A122,70,A143,A152,2,A172,1,A192,A201,1,old
188,A12,39,A32,A43,894,A63,A74,4,male,A101,4,A122,36,A143,A152,2,A173,1,A191,A201,1,old
188,A14,6,A32,A42,2991,A63,A73,1,male,A101,2,A123,32,A143,A152,2,A173,1,A191,A201,1,old
203,A11,18,A32,A42,1136,A61,A71,4,female,A101,2,A123,33,A143,A152,2,A173,1,A191,A201,2,old
188,A12,13,A32,A42,1995,A64,A73,4,female,A101,1,A121,20,A143,A152,2,A173,1,A191,A201,1,young
203,A14,24,A32,A42,3979,A61,A74,2,female,A101,4,A122,25,A143,A151,2,A173,1,A191,A201,1,old
194,A12,24,A32,A42,1940,A61,A75,4,male,A101,4,A121,31,A143,A152,2,A173,1,A192,A201,2,old
194,A11,16,A32,A40,958,A61,A72,4,male,A101,3,A123,33,A143,A151,2,A173,2,A191,A201,2,old
203,A14,14,A32,A42,760,A61,A73,4,female,A101,1,A121,26,A143,A152,2,A173,1,A191,A201,1,old
208,A12,24,A32,A42,2121,A61,A71,3,female,A101,2,A122,34,A143,A152,2,A173,1,A192,A201,2,old
203,A12,9,A32,A43,1412,A61,A73,4,male,A103,2,A121,33,A143,A151,2,A173,1,A191,A202,1,old
203,A11,22,A33,A42,3399,A61,A72,2,male,A101,1,A122,26,A143,A152,2,A173,1,A191,A201,2,old
208,A14,30,A31,A41,7596,A65,A73,4,female,A101,1,A121,53,A142,A152,2,A173,1,A192,A201,2,old
203,A11,13,A32,A42,2579,A61,A73,2,male,A101,1,A123,42,A143,A152,2,A173,1,A191,A201,1,old
203,A11,6,A32,A43,339,A63,A72,4,male,A101,4,A123,52,A143,A152,2,A173,1,A191,A201,1,old
208,A14,13,A32,A43,1963,A61,A74,4,male,A101,2,A123,31,A143,A151,2,A174,2,A191,A201,1,old
208,A11,22,A34,A40,571,A61,A72,4,male,A101,4,A121,65,A143,A152,2,A173,1,A191,A201,1,old
208,A12,39,A34,A41,9857,A61,A72,1,male,A101,1,A123,28,A143,A152,2,A173,1,A191,A201,2,old
208,A12,39,A32,A40,4439,A61,A73,2,male,A101,2,A121,30,A142,A152,2,A174,1,A192,A201,2,old
208,A11,22,A31,A41,1655,A65,A73,4,male,A101,2,A122,40,A143,A152,2,A172,2,A191,A201,2,old
217,A13,24,A34,A42,3780,A64,A73,4,female,A101,4,A121,50,A143,A152,2,A173,1,A192,A201,1,old
217,A12,18,A32,A40,894,A61,A72,4,male,A101,4,A123,36,A143,A152,2,A173,2,A192,A201,2,old
217,A14,16,A34,A43,1364,A61,A73,4,male,A101,2,A122,31,A143,A152,2,A173,1,A191,A201,1,old
218,A12,9,A31,A41,5179,A61,A75,2,female,A101,4,A122,74,A141,A152,2,A172,2,A192,A201,2,old
217,A12,16,A34,A40,1175,A61,A71,2,male,A101,3,A123,68,A143,A153,4,A171,1,A191,A201,1,old
188,A11,13,A32,A43,894,A62,A72,4,male,A101,1,A123,20,A143,A152,2,A173,1,A191,A201,2,young
218,A12,18,A34,A42,3380,A61,A73,1,female,A101,4,A123,33,A141,A152,2,A173,1,A191,A201,1,old
217,A14,24,A32,A49,4611,A64,A73,2,male,A101,3,A122,54,A143,A152,4,A173,1,A191,A201,2,old
221,A12,60,A32,A42,3857,A62,A74,4,female,A101,4,A122,34,A143,A152,2,A172,2,A191,A201,2,old
218,A12,28,A32,A42,3905,A61,A73,4,male,A101,2,A123,36,A143,A152,2,A173,2,A192,A201,2,old
221,A12,6,A32,A43,2136,A61,A74,2,female,A101,2,A121,29,A143,A151,2,A173,1,A191,A201,1,old
194,A12,45,A32,A43,3609,A62,A72,4,male,A103,4,A122,21,A143,A152,2,A173,1,A191,A201,2,young
221,A12,9,A34,A40,1512,A61,A75,2,female,A101,3,A123,34,A143,A152,2,A173,1,A192,A201,2,old
221,A12,6,A32,A43,1393,A61,A73,1,female,A101,1,A121,28,A143,A152,2,A173,1,A192,A201,1,old
228,A12,14,A32,A42,958,A62,A75,4,female,A101,4,A123,27,A141,A151,4,A173,1,A191,A201,2,old
221,A12,24,A32,A41,2762,A65,A75,4,male,A101,4,A123,36,A141,A152,2,A173,1,A191,A201,1,old
221,A12,18,A32,A42,4272,A61,A73,4,male,A101,3,A121,40,A143,A152,2,A172,1,A191,A201,2,old
228,A14,9,A34,A41,937,A63,A75,4,female,A101,2,A123,52,A143,A152,2,A173,1,A191,A201,1,old
221,A11,13,A32,A43,1175,A61,A73,4,male,A101,3,A121,27,A143,A152,2,A172,1,A191,A201,1,old
221,A12,28,A33,A40,5096,A61,A74,3,male,A101,4,A123,26,A143,A151,2,A173,1,A191,A201,1,old
203,A11,13,A32,A48,1158,A61,A72,4,male,A101,4,A122,21,A143,A152,2,A173,1,A191,A201,2,young
228,A11,13,A32,A46,1494,A61,A71,4,male,A101,1,A121,38,A143,A152,2,A172,2,A191,A201,1,old
228,A11,30,A34,A49,10477,A61,A73,3,male,A101,4,A122,38,A143,A152,4,A172,2,A192,A201,1,old
228,A12,13,A32,A42,1940,A61,A74,4,male,A101,4,A121,43,A143,A152,4,A173,1,A192,A201,1,old
228,A12,13,A32,A44,1424,A61,A74,4,male,A101,3,A122,26,A143,A152,2,A173,1,A191,A201,1,old
208,A11,26,A32,A49,7596,A61,A73,2,male,A101,2,A123,21,A142,A152,2,A172,1,A191,A201,1,young
229,A12,14,A32,A41,1424,A61,A74,3,female,A101,2,A122,55,A143,A152,2,A173,1,A191,A202,1,old
228,A14,9,A32,A43,3069,A65,A73,1,male,A101,2,A121,33,A143,A151,2,A173,2,A191,A201,1,old
236,A14,39,A32,A43,3857,A61,A73,2,female,A101,4,A121,45,A143,A152,2,A172,1,A191,A201,1,old
229,A11,28,A30,A46,5302,A61,A71,2,male,A101,4,A122,50,A143,A152,2,A173,1,A192,A201,2,old
236,A13,30,A32,A49,1925,A61,A73,4,female,A101,4,A121,66,A143,A152,2,A172,1,A192,A201,2,old
229,A14,39,A34,A43,3342,A61,A74,4,male,A101,2,A123,51,A143,A152,2,A173,1,A191,A201,1,old
236,A12,6,A34,A41,937,A61,A74,1,female,A101,3,A122,39,A143,A152,2,A172,1,A191,A201,1,old
236,A11,18,A32,A49,3108,A61,A74,3,male,A101,1,A122,31,A141,A152,2,A173,1,A191,A201,1,old
217,A13,39,A32,A43,5096,A61,A73,2,male,A101,2,A121,23,A143,A152,2,A173,1,A191,A201,1,young
218,A11,26,A32,A40,3578,A61,A73,2,male,A101,2,A121,24,A143,A152,2,A173,1,A191,A201,1,young
242,A14,10,A32,A40,1377,A61,A73,2,female,A101,4,A123,64,A143,A152,2,A173,1,A192,A201,1,old
236,A12,13,A32,A43,639,A61,A72,4,male,A103,1,A121,26,A143,A152,2,A172,1,A191,A201,1,old
221,A14,13,A32,A46,1316,A65,A73,4,male,A101,4,A122,23,A141,A152,2,A173,1,A192,A201,1,young
236,A14,13,A32,A43,709,A61,A73,4,male,A101,2,A121,30,A141,A152,2,A173,1,A191,A201,1,old
236,A14,24,A34,A40,2991,A65,A73,4,male,A101,4,A121,32,A143,A152,2,A173,2,A191,A201,1,old
242,A12,16,A32,A41,4611,A61,A73,3,female,A101,2,A123,30,A143,A153,2,A173,1,A192,A201,1,old
249,A12,39,A31,A42,2675,A61,A73,4,female,A101,2,A123,27,A143,A152,2,A173,1,A191,A201,1,old
242,A12,60,A32,A43,11560,A64,A74,1,male,A102,2,A123,27,A141,A152,2,A173,1,A191,A201,2,old
242,A11,13,A32,A42,7882,A61,A74,4,male,A101,4,A124,53,A143,A151,2,A174,1,A192,A201,2,old
228,A14,9,A32,A43,1721,A61,A74,4,male,A101,2,A123,22,A143,A152,2,A173,1,A191,A201,2,young
229,A11,26,A32,A42,3676,A61,A72,4,male,A101,1,A121,22,A143,A152,2,A173,1,A191,A201,1,young
242,A13,39,A32,A43,4169,A61,A73,4,male,A101,2,A123,26,A143,A152,2,A173,1,A191,A201,2,old
242,A14,9,A32,A40,2522,A63,A75,2,male,A101,4,A121,51,A143,A152,2,A172,1,A191,A201,1,old
249,A14,14,A32,A43,2181,A62,A74,3,female,A101,1,A122,35,A143,A152,2,A173,1,A191,A201,1,old
249,A12,18,A32,A43,846,A61,A73,4,male,A103,2,A122,25,A143,A152,2,A172,1,A191,A201,1,old
249,A14,4,A34,A43,1542,A61,A74,2,male,A101,1,A121,42,A143,A152,4,A172,2,A191,A201,1,old
249,A11,24,A32,A43,1819,A61,A71,4,male,A101,2,A123,30,A142,A152,2,A172,2,A191,A201,2,old
236,A12,6,A32,A43,14555,A65,A71,1,male,A101,2,A122,23,A143,A152,2,A171,1,A192,A201,2,young
249,A12,22,A32,A43,2762,A62,A75,4,male,A101,2,A123,61,A142,A151,2,A172,1,A191,A201,2,old
252,A14,14,A34,A43,1300,A61,A73,4,female,A101,2,A122,35,A143,A152,2,A173,1,A191,A201,1,old
249,A11,30,A32,A43,2522,A61,A72,1,male,A103,3,A122,39,A143,A152,2,A173,2,A191,A201,1,old
254,A11,24,A32,A40,929,A65,A73,4,female,A101,2,A123,29,A141,A152,2,A173,1,A191,A201,2,old
252,A14,6,A32,A43,1595,A61,A74,3,male,A101,2,A122,51,A143,A152,2,A173,2,A191,A201,1,old
242,A11,48,A30,A41,6110,A61,A75,3,male,A101,4,A124,24,A143,A152,4,A173,2,A191,A201,2,young
254,A14,14,A34,A40,1175,A61,A73,3,female,A101,2,A121,27,A143,A152,2,A173,1,A191,A201,1,old
254,A14,14,A31,A48,3509,A63,A73,4,female,A101,3,A121,35,A143,A152,2,A172,2,A191,A201,1,old
252,A14,24,A32,A40,1255,A61,A74,4,male,A101,1,A121,25,A143,A152,2,A173,1,A192,A201,1,old
254,A14,13,A34,A43,709,A61,A73,4,male,A101,4,A121,52,A143,A152,4,A173,1,A191,A201,1,old
254,A14,6,A30,A40,1224,A62,A73,4,male,A101,1,A124,35,A141,A151,2,A172,1,A191,A201,1,old
254,A13,24,A32,A42,1925,A61,A73,2,male,A101,2,A121,26,A143,A152,2,A173,1,A191,A201,1,old
252,A14,20,A32,A40,571,A61,A71,3,female,A101,4,A121,22,A143,A151,2,A173,1,A191,A201,2,young
259,A11,6,A34,A40,672,A64,A74,3,female,A101,4,A121,39,A143,A152,2,A172,1,A192,A201,1,old
259,A13,14,A32,A42,2302,A61,A73,1,female,A101,2,A123,46,A143,A152,2,A172,1,A191,A201,1,old
254,A12,30,A32,A40,2762,A61,A73,4,female,A101,2,A124,24,A141,A152,2,A173,1,A191,A201,2,young
254,A14,24,A32,A42,4113,A61,A73,2,male,A101,3,A122,35,A143,A152,2,A173,1,A191,A201,1,old
254,A12,9,A32,A42,2473,A65,A74,2,male,A101,1,A123,24,A143,A152,2,A173,1,A192,A201,1,young
259,A12,72,A33,A43,7432,A65,A73,1,male,A101,1,A123,27,A143,A152,2,A172,1,A191,A201,1,old
259,A14,24,A32,A43,2675,A61,A73,4,male,A101,2,A121,35,A143,A152,2,A172,1,A191,A201,1,old
259,A11,13,A31,A43,2181,A61,A73,4,male,A101,1,A121,29,A143,A152,2,A173,1,A191,A201,2,old
259,A14,18,A32,A41,4795,A62,A72,1,male,A101,4,A123,23,A143,A152,2,A173,1,A192,A201,1,young
280,A12,13,A34,A43,1158,A62,A71,4,female,A101,4,A121,57,A143,A152,4,A172,1,A191,A201,1,old
259,A11,13,A32,A42,1655,A61,A73,2,male,A101,2,A121,27,A143,A152,2,A173,1,A191,A201,1,old
280,A11,24,A32,A43,1721,A61,A73,4,female,A101,4,A123,55,A143,A152,2,A173,1,A191,A201,1,old
280,A11,18,A34,A40,5302,A61,A74,2,male,A101,4,A122,36,A143,A153,4,A174,1,A192,A201,1,old
296,A14,14,A32,A46,2812,A61,A72,2,female,A101,4,A121,57,A141,A151,4,A172,1,A191,A201,1,old
280,A14,10,A32,A42,1224,A61,A72,3,male,A101,4,A123,32,A143,A152,2,A172,2,A191,A201,1,old
280,A12,16,A32,A43,846,A61,A74,4,male,A101,3,A123,37,A143,A152,2,A173,2,A191,A201,2,old
280,A11,39,A32,A46,6314,A65,A73,4,male,A101,4,A121,36,A143,A152,2,A173,1,A191,A201,1,old
306,A14,24,A32,A43,1542,A61,A73,4,female,A101,3,A123,38,A142,A152,2,A173,1,A192,A201,1,old
296,A11,14,A32,A43,8978,A61,A73,1,male,A101,4,A122,45,A143,A152,2,A172,1,A192,A202,2,old
296,A14,24,A32,A43,1024,A64,A73,4,male,A101,2,A123,25,A143,A152,2,A173,1,A191,A201,1,old
296,A14,18,A32,A40,2647,A61,A74,4,male,A101,3,A122,32,A143,A152,2,A173,1,A191,A202,1,old
306,A14,14,A34,A42,1412,A63,A74,3,female,A101,4,A123,37,A143,A152,2,A173,1,A192,A201,1,old
306,A12,60,A31,A40,11998,A61,A71,4,female,A101,4,A123,36,A143,A152,2,A172,1,A191,A201,1,old
306,A12,60,A32,A43,3069,A61,A74,4,male,A101,4,A121,28,A143,A152,2,A173,1,A191,A201,2,old
308,A11,30,A32,A45,11998,A61,A74,1,female,A101,1,A123,34,A143,A152,2,A172,1,A191,A201,2,old
306,A12,9,A32,A43,2712,A61,A73,1,male,A101,2,A121,32,A143,A152,2,A173,2,A191,A201,1,old
308,A11,18,A34,A43,2473,A61,A73,2,female,A101,2,A123,26,A143,A152,2,A173,1,A191,A201,1,old
306,A11,13,A32,A42,1255,A65,A75,2,male,A101,4,A122,49,A143,A152,2,A172,1,A192,A201,1,old
308,A14,6,A32,A42,4611,A61,A73,1,female,A101,4,A122,32,A143,A152,2,A173,1,A191,A201,2,old
308,A12,24,A32,A43,1908,A62,A73,4,male,A101,4,A123,29,A143,A151,2,A173,1,A192,A201,1,old
280,A14,18,A34,A41,3959,A64,A73,3,male,A101,4,A124,23,A143,A151,4,A173,1,A192,A201,1,young
308,A14,13,A32,A42,1574,A61,A73,4,male,A101,2,A121,50,A143,A152,2,A173,1,A191,A201,1,old
309,A13,18,A31,A43,1473,A65,A74,4,female,A101,4,A123,49,A141,A152,2,A172,1,A191,A201,1,old
308,A14,16,A34,A42,1512,A65,A72,4,male,A101,4,A122,63,A143,A152,2,A173,1,A191,A201,1,old
308,A12,24,A32,A40,3905,A62,A72,4,male,A101,2,A123,37,A143,A152,2,A173,1,A192,A201,1,old
309,A11,48,A32,A40,10477,A61,A72,1,female,A101,1,A121,35,A143,A152,2,A172,1,A191,A201,1,old
309,A11,60,A32,A41,4795,A61,A74,4,male,A101,3,A122,26,A143,A151,2,A173,2,A191,A201,1,old
309,A12,60,A32,A43,7596,A62,A71,2,male,A101,4,A122,31,A143,A152,2,A173,1,A192,A201,1,old
333,A12,14,A32,A43,1076,A61,A73,4,female,A103,4,A121,49,A143,A152,2,A173,1,A192,A201,1,old
309,A11,24,A32,A43,1024,A61,A72,4,male,A101,4,A121,48,A142,A152,2,A173,1,A191,A201,2,old
309,A14,13,A32,A49,1076,A61,A73,2,male,A101,2,A121,26,A143,A152,2,A173,1,A192,A201,1,old
333,A12,39,A32,A41,9283,A61,A72,1,male,A101,4,A123,28,A143,A151,2,A174,1,A191,A201,2,old
334,A11,24,A34,A43,6614,A61,A71,2,female,A101,4,A123,44,A143,A152,2,A173,2,A192,A201,1,old
333,A13,45,A34,A41,4795,A61,A73,4,male,A101,4,A123,56,A143,A152,2,A173,1,A191,A201,1,old
333,A14,60,A32,A43,7596,A65,A73,4,male,A101,2,A123,46,A141,A152,2,A172,2,A191,A201,1,old
334,A12,60,A32,A42,9857,A61,A73,1,female,A101,2,A123,26,A143,A152,2,A173,1,A192,A201,2,old
306,A14,14,A32,A41,6314,A65,A74,1,female,A101,4,A121,20,A143,A152,2,A173,1,A191,A201,1,young
333,A14,10,A32,A40,1287,A65,A73,4,male,A102,2,A122,45,A143,A152,2,A172,1,A191,A201,1,old
333,A14,18,A32,A42,2522,A61,A73,3,male,A101,4,A121,43,A143,A152,2,A173,1,A192,A201,1,old
333,A12,22,A32,A42,2748,A64,A74,3,male,A101,2,A123,32,A143,A152,2,A173,1,A191,A201,1,old
336,A14,6,A32,A40,672,A61,A73,1,female,A101,4,A121,54,A143,A152,2,A173,1,A191,A201,1,old
336,A12,39,A32,A43,3780,A61,A73,4,female,A101,1,A123,42,A143,A152,2,A173,1,A192,A201,2,old
333,A13,24,A34,A40,1346,A61,A72,4,male,A101,2,A121,37,A143,A151,2,A172,2,A191,A201,2,old
333,A11,10,A32,A40,1047,A61,A73,4,male,A102,3,A122,49,A143,A151,2,A173,1,A192,A201,1,old
334,A14,60,A34,A40,9857,A63,A73,2,male,A101,2,A123,44,A141,A152,2,A173,1,A191,A201,2,old
334,A14,6,A32,A42,1542,A64,A73,4,male,A101,2,A121,33,A143,A152,2,A173,1,A191,A201,1,old
308,A14,30,A32,A41,6416,A65,A72,2,female,A101,4,A122,24,A142,A152,2,A172,1,A191,A201,1,young
334,A11,13,A32,A43,731,A62,A72,4,male,A101,3,A121,33,A143,A152,2,A172,1,A192,A201,2,old
308,A12,8,A32,A42,1393,A61,A73,3,male,A101,4,A121,24,A143,A152,2,A173,1,A191,A201,2,young
309,A12,9,A32,A40,339,A61,A73,4,male,A101,4,A121,22,A143,A152,2,A173,1,A191,A201,1,young
334,A12,60,A32,A40,5507,A65,A71,3,male,A101,4,A124,40,A141,A151,2,A171,1,A192,A201,1,old
334,A12,24,A32,A42,5507,A61,A73,4,male,A101,1,A123,25,A143,A152,2,A173,1,A191,A201,1,old
337,A13,24,A32,A42,3676,A61,A72,2,female,A101,4,A123,26,A143,A152,2,A173,1,A191,A201,1,old
336,A12,13,A32,A40,697,A61,A74,2,male,A101,3,A123,25,A143,A152,2,A172,1,A191,A201,2,old
336,A13,4,A32,A40,1494,A65,A72,1,male,A101,2,A121,29,A143,A152,2,A172,2,A191,A201,1,old
336,A11,39,A32,A42,2748,A61,A75,4,male,A101,4,A123,31,A142,A152,2,A173,1,A191,A201,2,old
337,A11,14,A32,A42,709,A61,A73,2,female,A103,3,A121,38,A143,A152,2,A172,2,A191,A201,1,old
337,A12,24,A32,A40,4439,A61,A73,1,female,A101,4,A122,48,A143,A152,2,A172,1,A191,A201,1,old
337,A14,13,A34,A40,697,A61,A73,4,male,A101,2,A123,32,A143,A152,2,A173,1,A191,A201,1,old
340,A11,16,A33,A42,3643,A61,A72,1,female,A101,4,A122,27,A143,A152,2,A172,1,A191,A201,1,old
340,A12,30,A34,A43,4272,A61,A71,4,female,A101,2,A123,28,A143,A152,2,A173,1,A191,A201,2,old
337,A11,24,A32,A43,1940,A61,A72,4,male,A101,3,A122,32,A143,A152,2,A173,1,A191,A201,2,old
340,A11,24,A32,A41,3049,A61,A74,2,female,A101,1,A124,34,A143,A152,2,A172,1,A192,A201,1,old
337,A11,18,A32,A42,2647,A61,A73,4,male,A101,2,A123,28,A143,A152,2,A173,1,A191,A201,1,old
346,A14,18,A32,A40,1024,A61,A73,4,female,A101,3,A121,36,A143,A152,2,A173,1,A191,A201,1,old
340,A11,9,A34,A40,3399,A61,A74,1,male,A101,4,A121,39,A143,A152,2,A172,1,A191,A201,1,old
340,A11,13,A34,A42,5800,A61,A74,2,male,A101,4,A122,49,A143,A151,2,A173,1,A191,A201,1,old
346,A14,24,A34,A40,1542,A65,A74,4,female,A101,3,A123,34,A143,A152,2,A173,2,A192,A201,1,old
340,A14,39,A32,A43,4526,A61,A73,4,male,A101,2,A123,31,A143,A152,2,A173,1,A191,A201,1,old
340,A12,6,A32,A43,1076,A61,A71,4,male,A101,4,A123,28,A143,A152,2,A173,2,A191,A201,1,old
346,A11,24,A32,A41,6614,A61,A71,2,male,A101,4,A124,75,A143,A151,2,A173,1,A192,A201,1,old
347,A12,18,A34,A46,1884,A62,A73,4,female,A101,2,A121,30,A143,A152,2,A173,1,A191,A201,2,old
333,A14,60,A32,A40,7882,A61,A72,4,male,A101,2,A123,24,A143,A152,2,A173,1,A191,A201,2,young
336,A14,48,A34,A41,11998,A62,A73,2,female,A101,4,A121,24,A141,A152,4,A173,1,A191,A201,2,young
334,A11,26,A30,A43,5302,A61,A75,3,male,A101,4,A124,23,A141,A152,4,A173,2,A191,A201,2,young
346,A11,6,A32,A42,3380,A61,A73,1,male,A101,4,A121,44,A143,A151,2,A173,1,A192,A201,2,old
336,A12,14,A34,A43,2579,A61,A73,2,male,A103,4,A122,23,A143,A152,2,A172,1,A191,A201,1,young
340,A11,18,A32,A44,1473,A65,A74,4,female,A101,2,A123,24,A143,A152,2,A173,1,A191,A201,2,young
347,A11,24,A32,A42,4169,A61,A73,4,female,A101,4,A122,28,A143,A152,2,A173,1,A191,A201,1,old
347,A12,10,A32,A42,1542,A61,A73,4,female,A101,2,A123,31,A143,A151,2,A173,1,A191,A201,1,old
346,A11,26,A34,A46,6761,A61,A71,2,female,A101,4,A124,24,A143,A153,4,A173,1,A192,A201,1,young
353,A11,22,A32,A42,3609,A61,A74,1,female,A101,4,A123,26,A143,A151,2,A172,1,A191,A201,1,old
347,A12,18,A32,A43,3235,A63,A72,1,male,A101,3,A121,25,A143,A151,2,A173,1,A191,A201,1,old
353,A12,18,A32,A40,4439,A61,A75,1,female,A101,1,A121,33,A141,A152,2,A174,1,A192,A201,1,old
347,A13,10,A32,A41,3959,A61,A72,1,male,A103,1,A122,37,A143,A152,2,A172,2,A191,A201,1,old
353,A14,16,A34,A43,1473,A61,A73,4,female,A101,2,A123,43,A143,A152,2,A172,1,A191,A201,1,old
346,A12,14,A34,A43,1076,A61,A72,4,male,A103,4,A121,23,A143,A152,4,A173,1,A191,A201,1,young
353,A12,26,A32,A43,4611,A61,A71,1,female,A101,4,A124,23,A143,A152,2,A171,1,A191,A201,1,young
347,A14,6,A32,A40,1778,A62,A73,1,male,A101,2,A121,34,A143,A152,2,A172,1,A191,A201,1,old
360,A12,9,A32,A43,1136,A61,A75,4,female,A101,3,A124,32,A143,A152,2,A173,2,A191,A201,2,old
353,A14,9,A32,A43,1377,A61,A72,1,male,A101,4,A121,23,A143,A152,2,A173,1,A192,A201,1,young
360,A12,9,A32,A42,958,A61,A73,1,female,A101,2,A123,29,A143,A152,2,A173,1,A191,A202,2,old
360,A14,18,A34,A41,3380,A65,A71,2,female,A101,4,A124,38,A143,A152,2,A174,1,A191,A201,1,old
353,A12,13,A32,A43,6260,A61,A73,4,male,A101,2,A122,28,A143,A151,2,A173,1,A192,A201,2,old
353,A14,10,A32,A46,731,A63,A74,4,male,A101,4,A124,46,A143,A152,2,A173,1,A192,A201,1,old
360,A12,26,A32,A40,1412,A61,A72,4,male,A101,2,A121,23,A142,A151,2,A172,1,A191,A201,2,young
353,A14,13,A32,A43,2337,A65,A73,1,male,A102,4,A121,49,A143,A152,2,A173,1,A192,A201,1,old
360,A14,39,A32,A43,4526,A61,A73,4,male,A101,2,A123,26,A143,A152,2,A173,1,A191,A201,2,old
368,A11,14,A32,A43,783,A61,A73,4,female,A101,2,A121,28,A143,A152,2,A173,1,A191,A201,1,old
375,A11,30,A32,A49,3049,A61,A74,4,female,A101,4,A121,23,A143,A152,2,A173,1,A191,A201,2,young
360,A12,18,A32,A46,1238,A64,A73,4,male,A101,4,A124,61,A143,A152,2,A173,1,A191,A201,1,old
368,A12,14,A32,A43,3446,A63,A73,2,female,A101,3,A122,37,A143,A152,2,A173,1,A191,A201,1,old
368,A13,14,A32,A46,2278,A65,A73,2,female,A101,2,A123,36,A142,A152,2,A173,1,A192,A201,1,old
375,A14,6,A32,A42,2073,A61,A73,1,male,A101,2,A122,21,A143,A151,2,A173,1,A192,A201,1,young
368,A11,18,A32,A42,2473,A61,A74,4,male,A101,1,A123,25,A143,A152,2,A171,1,A191,A201,2,old
368,A11,13,A32,A49,1542,A61,A74,2,male,A101,4,A123,36,A143,A152,2,A173,1,A192,A201,1,old
368,A14,18,A34,A45,3857,A61,A74,3,male,A101,1,A123,27,A143,A152,2,A173,1,A191,A201,1,old
387,A11,20,A32,A43,4526,A61,A73,1,female,A101,4,A123,22,A143,A152,2,A172,1,A192,A201,1,young
375,A11,39,A32,A42,3509,A61,A74,4,female,A101,2,A121,42,A143,A152,2,A173,2,A191,A201,2,old
375,A12,18,A32,A42,3069,A61,A74,2,female,A101,4,A121,40,A143,A151,2,A173,1,A191,A201,1,old
375,A14,39,A32,A40,3235,A65,A73,4,female,A101,4,A121,36,A143,A152,2,A173,1,A191,A201,1,old
381,A14,18,A34,A43,6260,A65,A75,3,female,A101,4,A123,33,A143,A152,2,A173,1,A192,A201,1,old
394,A14,10,A34,A43,2748,A61,A74,1,female,A101,3,A121,23,A143,A152,4,A173,1,A191,A201,1,young
375,A14,72,A32,A40,15653,A61,A74,2,male,A101,4,A122,63,A143,A152,2,A172,1,A191,A201,1,old
381,A12,72,A31,A43,15857,A62,A72,3,female,A101,4,A122,60,A141,A153,2,A173,1,A192,A201,2,old
381,A11,60,A31,A43,7882,A61,A74,2,female,A103,4,A123,37,A143,A151,2,A173,1,A191,A201,2,old
375,A11,18,A33,A43,2326,A61,A71,2,male,A101,3,A121,34,A143,A152,2,A173,1,A191,A201,1,old
375,A14,8,A32,A43,846,A61,A75,3,male,A101,4,A123,36,A143,A152,2,A173,1,A191,A201,1,old
387,A12,39,A32,A45,15653,A61,A73,4,female,A103,2,A122,57,A143,A152,2,A173,1,A191,A201,2,old
387,A14,6,A32,A42,339,A62,A73,4,female,A101,4,A123,52,A143,A151,2,A173,1,A191,A201,1,old
381,A11,20,A32,A42,2223,A65,A74,4,male,A101,4,A123,39,A143,A152,2,A173,1,A192,A201,1,old
387,A12,18,A32,A41,15653,A61,A72,3,female,A101,4,A123,38,A143,A151,2,A172,1,A192,A201,2,old
387,A14,22,A32,A43,1300,A65,A74,4,female,A101,4,A122,25,A143,A151,2,A173,1,A191,A201,1,old
387,A13,14,A32,A41,1346,A61,A73,4,female,A101,1,A121,26,A143,A152,2,A173,1,A191,A201,1,old
394,A11,30,A33,A49,4272,A62,A73,2,female,A101,2,A122,26,A143,A152,2,A172,1,A191,A201,1,old
394,A14,18,A32,A43,2278,A61,A73,2,female,A101,1,A123,25,A143,A152,2,A173,1,A191,A201,1,old
400,A14,20,A32,A43,1316,A65,A72,4,female,A101,2,A121,21,A143,A151,2,A173,1,A192,A201,1,young
387,A12,18,A32,A42,7308,A61,A71,4,male,A101,4,A122,40,A142,A152,2,A173,1,A192,A201,1,old
394,A12,16,A34,A40,2337,A63,A73,2,female,A101,4,A123,27,A143,A152,2,A173,1,A191,A201,1,old
394,A14,9,A32,A49,1473,A61,A74,3,female,A101,2,A123,27,A143,A152,2,A173,1,A191,A201,1,old
394,A14,18,A32,A40,1819,A61,A73,2,male,A101,2,A122,30,A143,A152,2,A173,1,A192,A201,1,old
406,A12,14,A32,A40,1224,A64,A73,1,female,A101,4,A121,19,A143,A151,2,A172,1,A191,A201,1,young
394,A11,39,A32,A42,3235,A61,A74,2,male,A101,4,A122,39,A143,A152,2,A173,2,A192,A201,1,old
400,A11,6,A34,A43,1995,A61,A74,1,female,A101,4,A123,31,A143,A152,2,A173,1,A191,A201,1,old
394,A14,9,A32,A42,2473,A61,A71,2,male,A101,3,A123,31,A143,A152,2,A174,1,A191,A201,1,old
394,A12,39,A32,A46,11998,A62,A74,2,male,A101,3,A124,32,A143,A151,2,A173,1,A191,A201,1,old
400,A11,14,A32,A42,2647,A61,A74,3,female,A101,4,A121,55,A143,A153,2,A174,1,A191,A201,1,old
406,A11,39,A34,A40,2366,A61,A73,3,female,A101,2,A122,46,A143,A152,2,A173,1,A191,A201,1,old
400,A12,13,A32,A42,1224,A61,A72,1,male,A101,1,A121,46,A143,A151,2,A173,1,A191,A201,2,old
406,A14,24,A34,A43,1530,A64,A73,4,female,A101,1,A121,43,A143,A152,2,A172,1,A191,A201,1,old
400,A14,18,A32,A43,1473,A61,A72,3,male,A101,4,A122,39,A143,A152,2,A173,1,A192,A201,1,old
400,A12,18,A32,A43,1884,A65,A73,4,male,A101,4,A121,28,A141,A152,2,A173,1,A191,A201,1,old
406,A14,24,A33,A49,9283,A61,A72,2,female,A101,2,A123,27,A141,A152,2,A173,1,A191,A201,2,old
406,A14,14,A31,A41,846,A61,A73,4,male,A101,2,A123,27,A143,A152,2,A172,1,A191,A201,1,old
406,A12,18,A32,A40,2896,A65,A72,4,male,A101,4,A123,43,A143,A152,2,A173,2,A191,A201,1,old
406,A12,26,A32,A43,2473,A61,A72,1,male,A101,1,A122,22,A143,A152,2,A173,1,A192,A201,2,young
413,A14,24,A32,A41,2223,A65,A74,4,female,A101,4,A123,43,A143,A152,2,A173,2,A191,A201,1,old
406,A11,16,A32,A43,1047,A61,A72,4,male,A101,2,A121,27,A143,A152,2,A173,1,A191,A201,1,old
406,A14,24,A32,A43,3235,A63,A73,3,male,A101,2,A123,26,A143,A152,2,A172,1,A192,A201,1,old
413,A13,13,A34,A40,937,A63,A74,4,male,A101,2,A121,28,A143,A152,4,A173,1,A192,A201,2,old
421,A12,26,A33,A43,2366,A61,A75,4,female,A101,4,A124,20,A143,A152,2,A173,1,A192,A201,1,young
413,A14,39,A32,A41,7308,A61,A74,3,male,A101,2,A123,35,A143,A152,2,A173,1,A191,A201,1,old
421,A14,14,A32,A42,2326,A61,A71,4,female,A101,2,A123,42,A142,A153,2,A173,1,A192,A201,2,old
421,A14,10,A32,A40,1655,A63,A73,3,female,A101,2,A123,40,A143,A152,2,A172,2,A191,A202,1,old
421,A11,24,A32,A40,1393,A65,A73,4,female,A101,2,A122,35,A143,A152,2,A173,1,A191,A201,2,old
413,A11,39,A34,A41,6110,A61,A73,2,male,A101,2,A122,35,A143,A152,2,A173,2,A192,A201,1,old
421,A11,13,A32,A40,2579,A61,A72,4,male,A101,1,A121,33,A143,A152,2,A172,2,A191,A201,2,old
429,A14,20,A33,A46,8978,A65,A73,1,female,A101,2,A123,23,A143,A152,4,A173,1,A192,A201,1,young
429,A12,22,A32,A40,2896,A63,A74,1,female,A101,2,A123,31,A141,A153,2,A173,1,A191,A201,1,old
429,A12,18,A32,A42,1047,A65,A73,4,female,A101,2,A122,33,A143,A152,2,A173,1,A191,A201,2,old
434,A14,18,A32,A40,3780,A65,A74,2,female,A101,3,A123,20,A143,A151,2,A173,1,A191,A201,1,young
421,A12,13,A32,A40,2051,A64,A73,4,male,A101,2,A123,30,A143,A152,2,A173,1,A191,A201,1,old
421,A12,13,A34,A42,958,A61,A74,2,male,A101,3,A121,47,A143,A152,2,A172,2,A191,A201,1,old
421,A14,22,A33,A42,1595,A62,A74,4,male,A101,3,A121,34,A143,A152,2,A173,1,A191,A201,1,old
434,A12,14,A32,A42,2848,A61,A72,1,female,A101,2,A122,25,A143,A152,2,A173,1,A192,A201,2,old
434,A12,20,A32,A41,3380,A61,A73,1,male,A101,3,A123,21,A143,A152,2,A173,1,A192,A201,1,young
429,A11,28,A34,A43,2712,A61,A73,4,male,A101,2,A123,29,A143,A152,2,A173,1,A191,A201,1,old
429,A14,18,A34,A43,1136,A64,A73,4,male,A101,3,A121,46,A143,A152,2,A173,1,A191,A201,1,old
441,A14,9,A34,A42,1530,A61,A75,1,male,A101,4,A123,20,A143,A152,2,A173,1,A191,A201,1,young
434,A11,18,A34,A40,1199,A61,A71,2,female,A101,4,A121,55,A143,A152,4,A171,2,A191,A201,2,old
429,A14,6,A32,A43,3446,A61,A74,1,male,A101,4,A121,74,A143,A152,2,A172,1,A191,A201,1,old
429,A12,24,A32,A40,11560,A61,A73,2,male,A102,3,A123,29,A141,A151,2,A173,1,A191,A201,2,old
434,A11,6,A34,A42,1867,A61,A71,4,male,A101,4,A124,36,A143,A152,4,A173,1,A192,A201,1,old
434,A12,24,A32,A45,2051,A61,A73,4,male,A101,2,A121,33,A143,A152,2,A173,1,A191,A201,1,old
441,A11,9,A32,A42,2181,A61,A73,3,female,A101,2,A121,25,A143,A152,2,A173,1,A191,A201,1,old
434,A12,13,A32,A43,1494,A65,A73,2,male,A101,1,A121,25,A143,A152,2,A173,1,A191,A201,2,old
447,A14,6,A32,A45,846,A63,A72,2,male,A101,4,A121,23,A143,A151,2,A172,1,A191,A201,1,young
441,A14,24,A34,A43,1300,A62,A72,4,female,A101,4,A121,37,A143,A152,2,A173,1,A192,A201,1,old
447,A11,45,A34,A45,3446,A61,A72,4,female,A102,4,A123,65,A143,A152,2,A171,1,A191,A201,1,old
447,A11,14,A31,A43,571,A61,A72,4,female,A101,1,A121,26,A143,A152,2,A171,1,A191,A201,2,old
441,A14,13,A32,A40,1884,A61,A72,4,male,A101,4,A123,39,A143,A152,2,A173,1,A192,A201,1,old
447,A11,14,A32,A42,1721,A61,A73,2,female,A102,3,A122,30,A143,A152,2,A173,1,A191,A201,1,old
441,A12,20,A33,A42,2647,A61,A73,2,male,A101,3,A123,29,A143,A152,2,A173,1,A191,A201,1,old
447,A14,14,A32,A46,709,A61,A73,4,female,A101,4,A123,41,A143,A152,2,A172,2,A191,A201,2,old
470,A12,60,A34,A42,5096,A61,A73,2,female,A101,3,A123,30,A143,A152,2,A172,1,A192,A201,2,old
470,A12,9,A34,A43,1274,A61,A75,4,female,A101,4,A122,41,A143,A152,2,A172,1,A191,A201,1,old
470,A11,39,A32,A43,1867,A61,A72,4,female,A101,4,A123,34,A143,A152,2,A173,1,A192,A201,2,old
447,A12,8,A32,A43,2579,A61,A73,2,male,A103,2,A121,35,A143,A152,2,A173,1,A191,A201,1,old
470,A13,14,A32,A42,1453,A61,A73,3,female,A101,4,A121,55,A143,A152,2,A173,1,A192,A201,1,old
447,A12,16,A32,A45,1512,A64,A73,3,male,A101,3,A122,61,A143,A152,2,A173,1,A191,A201,2,old
470,A14,39,A32,A41,11560,A65,A73,4,male,A101,2,A123,30,A143,A152,2,A173,1,A191,A201,1,old
471,A12,6,A32,A43,571,A61,A73,3,female,A101,1,A121,29,A143,A152,2,A173,1,A191,A201,1,old
470,A14,13,A30,A42,2762,A61,A74,2,male,A101,4,A122,34,A143,A152,2,A173,1,A191,A201,1,old
471,A14,24,A32,A41,2748,A61,A74,4,female,A101,4,A123,35,A143,A152,2,A171,1,A191,A201,1,old
470,A11,24,A32,A40,4795,A61,A73,2,male,A102,3,A122,31,A143,A152,2,A173,1,A191,A201,2,old
476,A11,24,A34,A41,2748,A65,A74,4,female,A101,1,A121,29,A143,A152,2,A173,1,A192,A201,1,old
471,A11,13,A32,A40,3905,A61,A73,2,male,A101,2,A121,36,A143,A151,2,A173,2,A191,A201,1,old
471,A11,13,A32,A41,3380,A61,A73,3,male,A101,4,A122,35,A143,A152,2,A173,1,A192,A201,2,old
476,A11,6,A32,A44,339,A61,A75,4,female,A101,1,A121,27,A143,A152,2,A173,1,A191,A201,1,old
476,A14,18,A32,A43,4611,A61,A74,3,female,A101,2,A123,32,A143,A152,2,A173,1,A192,A201,1,old
471,A11,39,A32,A42,3643,A61,A73,1,male,A103,2,A122,37,A143,A151,2,A173,2,A191,A201,1,old
480,A11,16,A32,A43,1778,A61,A72,2,female,A101,3,A121,36,A143,A152,2,A173,1,A191,A201,1,old
480,A12,14,A32,A43,3108,A61,A72,3,female,A101,1,A121,34,A143,A151,2,A173,1,A191,A201,1,old
476,A12,13,A32,A42,760,A61,A71,4,male,A101,4,A122,38,A143,A152,2,A173,1,A191,A201,1,old
480,A14,18,A32,A49,1963,A61,A74,4,female,A101,1,A123,34,A142,A152,2,A173,1,A192,A201,1,old
476,A11,24,A32,A41,2924,A61,A73,3,male,A103,4,A121,63,A141,A152,2,A173,2,A191,A201,1,old
480,A11,24,A32,A43,1721,A61,A72,4,female,A101,2,A123,29,A143,A151,2,A172,1,A191,A201,2,old
480,A12,60,A32,A43,7308,A65,A75,3,male,A101,3,A123,32,A141,A152,2,A173,2,A191,A201,1,old
495,A14,39,A32,A49,2848,A61,A73,2,female,A101,2,A123,26,A143,A152,2,A173,1,A192,A201,1,old
480,A14,24,A32,A42,4712,A61,A74,3,male,A101,3,A123,35,A143,A152,2,A172,1,A191,A201,1,old
470,A12,26,A34,A43,3643,A61,A72,3,male,A101,2,A123,22,A143,A151,2,A173,1,A192,A201,2,young
476,A11,6,A32,A46,639,A61,A73,4,female,A101,4,A122,23,A143,A152,2,A173,1,A191,A201,2,young
480,A11,9,A32,A41,639,A61,A73,4,male,A101,3,A123,28,A143,A152,2,A172,1,A191,A201,2,old
480,A14,6,A32,A48,1238,A61,A71,4,male,A101,4,A122,36,A143,A152,2,A173,2,A191,A201,1,old
480,A12,18,A34,A43,1255,A61,A73,4,male,A101,2,A123,33,A143,A152,2,A173,1,A191,A201,2,old
504,A11,18,A32,A42,3235,A61,A72,1,female,A101,4,A122,26,A143,A151,2,A173,1,A191,A201,2,old
476,A14,40,A32,A41,3160,A63,A73,4,male,A101,4,A123,24,A143,A152,2,A173,1,A191,A201,1,young
504,A13,24,A32,A43,5179,A61,A74,4,female,A101,2,A123,25,A141,A152,2,A173,1,A192,A201,1,old
495,A12,13,A32,A43,1024,A62,A74,3,male,A101,4,A121,39,A143,A152,2,A172,1,A191,A201,1,old
504,A11,16,A32,A42,1494,A61,A73,4,female,A101,4,A123,44,A143,A152,2,A173,2,A192,A201,1,old
495,A12,14,A34,A43,4169,A61,A73,1,female,A101,1,A121,23,A143,A152,2,A172,1,A191,A201,1,young
495,A12,24,A32,A40,1199,A61,A72,4,male,A101,1,A122,26,A143,A152,2,A173,1,A191,A201,1,old
513,A11,30,A32,A42,3643,A64,A73,4,female,A101,4,A122,57,A143,A151,2,A173,1,A191,A201,1,old
513,A12,16,A33,A43,958,A61,A74,3,female,A101,2,A122,30,A143,A151,2,A173,1,A191,A201,1,old
504,A14,13,A34,A40,1158,A63,A73,4,male,A101,4,A121,44,A143,A151,2,A173,1,A192,A201,1,old
513,A12,6,A33,A40,1224,A61,A74,4,female,A101,4,A122,47,A143,A152,2,A173,1,A192,A201,2,old
504,A14,13,A32,A43,3069,A61,A73,2,male,A101,4,A123,52,A143,A152,2,A173,1,A191,A201,1,old
513,A14,24,A32,A40,3780,A61,A72,4,female,A102,4,A124,62,A143,A152,2,A173,1,A192,A201,1,old
513,A14,10,A32,A40,1424,A62,A73,3,male,A101,2,A121,35,A143,A151,2,A172,1,A191,A202,1,old
513,A14,6,A32,A43,3509,A61,A73,2,male,A103,3,A122,26,A143,A151,2,A173,1,A191,A201,1,old
513,A13,13,A34,A43,1940,A61,A74,2,male,A101,2,A123,26,A143,A152,2,A173,1,A191,A201,1,old
521,A12,28,A32,A49,8471,A61,A73,2,female,A101,4,A123,42,A143,A152,2,A173,1,A192,A201,2,old
521,A14,6,A34,A43,1255,A62,A73,1,female,A101,1,A122,27,A143,A152,2,A173,1,A191,A201,1,old
513,A12,6,A32,A43,426,A61,A75,4,male,A101,4,A122,38,A143,A152,2,A173,1,A191,A201,1,old
521,A11,13,A34,A42,2121,A61,A73,3,male,A101,2,A121,39,A143,A151,2,A172,2,A191,A202,1,old
495,A11,26,A32,A42,3509,A65,A73,2,male,A101,4,A123,20,A143,A152,2,A173,1,A191,A201,2,young
523,A12,39,A32,A42,9283,A62,A73,4,female,A102,1,A124,29,A143,A151,2,A173,1,A192,A201,2,old
521,A14,24,A32,A42,1574,A61,A74,4,male,A101,3,A122,40,A143,A152,2,A173,1,A191,A201,1,old
523,A12,18,A32,A43,1316,A61,A74,4,female,A103,2,A121,32,A143,A152,2,A172,1,A191,A201,1,old
521,A13,6,A34,A40,1337,A62,A71,2,male,A101,4,A123,28,A143,A152,2,A173,2,A192,A201,1,old
540,A11,24,A32,A40,3235,A61,A72,4,female,A101,1,A122,27,A143,A152,2,A173,1,A191,A201,2,old
521,A11,39,A32,A41,5507,A61,A73,2,male,A101,4,A123,42,A143,A152,2,A173,2,A191,A201,1,old
521,A13,9,A32,A43,1136,A62,A73,2,male,A101,4,A121,49,A143,A151,2,A173,1,A191,A201,1,old
540,A12,24,A34,A43,1224,A62,A73,4,female,A101,4,A124,38,A142,A152,2,A173,2,A191,A201,2,old
513,A12,26,A32,A40,1346,A61,A72,4,female,A101,4,A122,24,A143,A152,2,A173,1,A191,A201,2,young
540,A14,10,A32,A40,1337,A65,A73,4,female,A103,4,A122,27,A143,A152,2,A172,1,A191,A201,2,old
521,A13,16,A34,A49,2366,A63,A73,2,male,A101,2,A123,36,A143,A152,2,A173,1,A191,A201,1,old
523,A12,16,A32,A40,6948,A62,A71,1,male,A101,2,A122,34,A143,A151,2,A173,2,A192,A201,2,old
523,A14,24,A32,A43,1412,A61,A73,4,male,A101,2,A122,28,A143,A152,2,A173,1,A191,A201,1,old
523,A14,39,A32,A41,8471,A62,A75,4,male,A101,2,A123,45,A143,A152,2,A173,1,A191,A201,1,old
523,A11,13,A32,A40,760,A61,A74,4,male,A101,2,A121,26,A143,A152,2,A173,1,A191,A201,2,old
548,A14,39,A32,A41,4712,A61,A73,2,female,A101,2,A124,32,A143,A152,2,A174,1,A192,A201,1,old
523,A14,16,A32,A49,2712,A61,A73,2,male,A101,4,A122,26,A143,A151,2,A173,1,A192,A201,1,old
513,A12,13,A33,A43,709,A61,A74,4,male,A102,4,A121,20,A143,A151,4,A173,1,A191,A201,1,young
550,A14,24,A32,A43,2302,A65,A71,4,female,A101,1,A122,54,A143,A152,2,A173,1,A191,A201,1,old
550,A11,6,A32,A42,571,A61,A74,4,female,A101,3,A122,37,A143,A152,2,A173,1,A191,A201,1,old
540,A11,6,A32,A40,1364,A61,A72,2,male,A101,4,A121,40,A143,A152,2,A172,2,A191,A201,1,old
523,A14,40,A34,A43,7882,A61,A72,2,female,A101,4,A121,23,A143,A152,4,A173,1,A192,A201,2,young
550,A11,6,A32,A40,1199,A62,A75,3,female,A101,2,A122,43,A143,A152,2,A173,1,A192,A201,1,old
540,A14,6,A34,A43,697,A61,A71,4,male,A101,4,A123,36,A143,A151,2,A173,1,A191,A201,1,old
548,A12,24,A32,A45,5507,A61,A74,3,male,A101,4,A121,44,A143,A152,2,A173,1,A191,A201,1,old
540,A11,20,A32,A43,3857,A61,A73,2,female,A101,2,A121,24,A143,A152,2,A173,1,A191,A201,2,young
548,A11,60,A34,A42,7166,A61,A73,3,male,A101,4,A121,53,A143,A153,2,A173,2,A191,A201,2,old
548,A14,26,A32,A41,4113,A65,A74,3,female,A101,4,A123,23,A143,A152,2,A173,1,A191,A201,1,young
555,A12,18,A32,A43,1103,A61,A73,4,female,A103,4,A121,26,A143,A152,2,A172,2,A191,A201,1,old
555,A12,26,A32,A41,8133,A61,A73,2,female,A101,3,A123,30,A143,A151,2,A173,1,A191,A201,1,old
555,A14,16,A32,A46,1542,A62,A73,4,female,A101,3,A123,31,A143,A152,2,A173,1,A191,A201,1,old
548,A14,4,A34,A43,1512,A61,A74,2,male,A101,1,A121,42,A143,A152,2,A172,2,A191,A201,1,old
550,A11,39,A32,A43,2302,A61,A73,4,male,A101,4,A123,31,A143,A151,2,A173,1,A191,A201,2,old
561,A11,6,A32,A40,672,A61,A72,3,female,A101,4,A121,41,A143,A152,2,A172,2,A192,A201,1,old
550,A12,39,A32,A46,2278,A61,A74,3,male,A101,1,A123,32,A143,A152,2,A173,2,A191,A201,1,old
561,A12,16,A32,A40,2712,A62,A73,2,female,A101,4,A123,28,A143,A152,2,A173,1,A191,A201,2,old
550,A14,13,A32,A41,1512,A61,A73,4,male,A101,4,A121,41,A143,A151,2,A173,1,A191,A201,1,old
550,A14,24,A32,A43,1316,A62,A74,4,male,A101,3,A122,26,A143,A152,2,A173,1,A192,A201,1,old
555,A14,24,A32,A43,3108,A61,A72,4,male,A101,2,A123,25,A143,A152,2,A173,1,A191,A201,1,old
555,A14,22,A32,A46,2326,A61,A72,2,male,A101,1,A123,33,A143,A151,2,A173,1,A191,A201,2,old
565,A11,6,A32,A40,1393,A62,A75,4,female,A101,3,A122,75,A143,A152,2,A174,1,A192,A201,1,old
565,A12,18,A31,A42,3609,A61,A75,3,female,A101,4,A122,37,A143,A152,2,A173,1,A192,A201,1,old
555,A11,60,A32,A40,7763,A61,A73,4,male,A101,4,A122,42,A143,A153,2,A173,1,A191,A201,2,old
565,A13,18,A32,A43,3108,A61,A73,1,female,A101,1,A122,45,A142,A152,2,A172,1,A191,A201,1,old
540,A12,13,A32,A43,1837,A61,A74,1,male,A101,1,A121,23,A143,A151,2,A173,1,A191,A201,2,young
561,A14,24,A33,A40,2051,A61,A72,4,male,A101,4,A124,60,A143,A152,2,A173,1,A192,A201,1,old
570,A11,30,A32,A42,6416,A63,A73,4,female,A101,4,A122,31,A143,A152,2,A173,1,A191,A201,2,old
561,A13,18,A32,A42,2896,A61,A73,2,male,A101,1,A121,34,A143,A152,2,A172,2,A191,A201,2,old
561,A14,13,A34,A40,1255,A61,A75,4,male,A101,4,A121,61,A143,A152,2,A172,1,A191,A201,1,old
561,A11,24,A33,A48,1337,A61,A71,4,male,A101,2,A121,43,A143,A152,2,A173,2,A191,A201,2,old
573,A14,24,A34,A43,2073,A61,A73,4,female,A101,4,A123,37,A143,A152,2,A173,1,A192,A201,1,old
565,A11,24,A32,A43,1552,A61,A74,3,male,A101,1,A123,32,A141,A152,2,A173,2,A191,A201,1,old
548,A14,13,A31,A43,760,A61,A73,4,male,A101,4,A121,24,A141,A152,2,A172,1,A191,A201,2,young
565,A14,60,A32,A41,8978,A61,A74,2,male,A101,1,A124,35,A143,A152,2,A173,1,A192,A201,1,old
561,A14,14,A34,A45,1238,A65,A74,4,female,A101,4,A121,23,A143,A152,4,A173,1,A191,A201,1,young
573,A14,6,A32,A43,1819,A63,A72,2,female,A101,4,A122,45,A141,A152,2,A172,2,A191,A201,1,old
565,A11,60,A32,A43,6948,A61,A75,1,male,A103,1,A121,34,A143,A152,2,A173,1,A192,A201,2,old
565,A12,13,A32,A42,1995,A62,A72,4,male,A101,1,A123,27,A143,A152,2,A173,1,A191,A201,1,old
575,A12,9,A32,A46,1199,A65,A74,4,female,A101,4,A122,67,A143,A152,2,A174,1,A191,A201,1,old
555,A12,13,A32,A43,1542,A61,A72,2,male,A101,1,A123,22,A142,A152,2,A173,1,A191,A201,2,young
575,A12,18,A32,A43,2302,A62,A74,3,female,A101,3,A123,28,A143,A152,2,A173,1,A191,A201,2,old
575,A14,22,A30,A42,4870,A65,A73,1,female,A101,4,A122,29,A143,A152,2,A173,1,A192,A201,2,old
570,A11,24,A31,A42,3552,A61,A74,3,male,A101,4,A123,27,A141,A152,2,A173,1,A191,A201,2,old
570,A12,18,A34,A42,1925,A61,A72,2,male,A101,2,A121,31,A143,A152,2,A172,1,A191,A201,2,old
570,A11,24,A32,A41,2991,A65,A73,4,male,A101,4,A124,49,A141,A153,2,A173,2,A192,A201,1,old
561,A11,26,A34,A43,1867,A61,A72,4,male,A103,4,A123,24,A141,A151,2,A172,1,A191,A201,2,young
585,A12,6,A32,A43,672,A61,A72,2,female,A101,1,A122,29,A141,A152,2,A173,1,A191,A201,1,old
585,A12,39,A32,A40,14555,A61,A73,1,female,A101,4,A123,37,A143,A152,2,A173,1,A192,A201,2,old
573,A12,24,A32,A43,4712,A65,A74,4,male,A101,2,A122,37,A143,A152,2,A173,1,A192,A201,1,old
565,A12,26,A33,A43,1884,A62,A74,3,male,A101,2,A122,23,A143,A152,4,A173,1,A192,A201,1,young
573,A11,13,A32,A42,1364,A61,A74,2,male,A101,3,A123,36,A143,A151,2,A173,1,A191,A201,2,old
573,A14,24,A34,A43,2579,A64,A73,2,male,A101,2,A123,34,A143,A152,2,A173,1,A191,A201,1,old
575,A12,60,A32,A43,3979,A61,A74,4,male,A101,1,A123,41,A143,A152,2,A173,2,A192,A201,1,old
588,A11,60,A32,A43,6948,A61,A73,3,female,A101,2,A123,31,A143,A152,2,A173,1,A192,A201,2,old
575,A11,26,A32,A42,3905,A61,A72,4,female,A101,4,A121,23,A143,A152,2,A173,1,A192,A201,2,young
575,A12,30,A32,A43,6110,A61,A74,3,male,A102,2,A123,38,A143,A152,2,A173,1,A191,A201,1,old
588,A14,24,A32,A41,5507,A61,A71,2,female,A101,4,A122,26,A143,A151,2,A173,1,A191,A201,1,old
585,A11,18,A31,A49,937,A61,A73,4,female,A101,4,A122,22,A143,A152,2,A172,1,A191,A201,1,young
588,A12,9,A32,A43,1076,A61,A74,4,female,A101,4,A123,27,A143,A152,2,A172,1,A191,A201,1,old
588,A14,18,A34,A42,3446,A61,A73,2,female,A101,3,A123,24,A141,A152,4,A173,1,A191,A201,1,young
588,A12,14,A32,A43,3049,A61,A74,2,female,A101,1,A121,27,A143,A152,2,A173,1,A191,A201,1,old
594,A12,24,A34,A46,1940,A65,A73,3,female,A101,2,A123,33,A143,A152,2,A173,1,A192,A201,1,old
585,A12,39,A34,A40,2812,A61,A72,4,male,A101,4,A123,27,A143,A152,2,A173,1,A191,A201,2,old
594,A14,24,A32,A43,937,A61,A73,4,female,A101,3,A123,27,A143,A152,2,A172,1,A191,A201,1,old
585,A12,18,A34,A42,1076,A61,A73,3,male,A103,3,A121,30,A141,A152,2,A173,1,A191,A201,2,old
585,A12,13,A32,A42,3160,A61,A72,1,male,A101,3,A121,49,A143,A151,2,A172,2,A191,A201,1,old
594,A12,9,A32,A42,1412,A61,A73,4,female,A101,2,A121,26,A143,A151,2,A173,1,A191,A201,1,old
601,A12,39,A31,A45,2394,A61,A74,4,female,A101,1,A124,33,A143,A151,2,A172,1,A191,A201,2,old
601,A14,14,A32,A40,2181,A65,A72,4,female,A101,4,A122,52,A143,A152,2,A173,1,A192,A201,1,old
594,A11,20,A32,A42,2579,A61,A73,1,female,A101,4,A121,20,A141,A151,2,A173,1,A191,A201,2,young
588,A11,9,A32,A40,2812,A61,A73,2,male,A101,2,A121,36,A143,A151,2,A173,2,A191,A201,1,old
588,A11,13,A32,A42,1494,A61,A73,4,male,A103,1,A122,21,A143,A152,2,A172,1,A191,A201,1,young
588,A11,18,A32,A44,1224,A61,A73,4,male,A101,3,A121,47,A143,A152,2,A172,1,A192,A201,2,old
588,A11,13,A32,A42,2246,A61,A75,3,male,A101,3,A122,60,A143,A152,2,A173,1,A191,A201,2,old
601,A11,14,A33,A43,426,A61,A74,4,female,A101,3,A121,58,A143,A152,4,A172,1,A192,A201,1,old
609,A12,24,A32,A40,1995,A65,A73,4,female,A101,4,A123,42,A143,A151,2,A173,1,A192,A201,1,old
609,A14,22,A32,A49,1595,A64,A73,4,female,A101,4,A121,36,A141,A152,2,A172,1,A191,A201,1,old
594,A12,26,A32,A40,3342,A61,A73,3,male,A101,4,A122,20,A143,A151,2,A172,1,A191,A201,2,young
594,A11,24,A31,A42,1364,A64,A72,4,male,A101,3,A123,40,A142,A152,2,A173,1,A192,A201,2,old
609,A12,6,A31,A40,929,A62,A72,1,female,A101,1,A122,32,A142,A152,2,A172,1,A191,A201,2,old
617,A11,26,A32,A40,1655,A61,A74,4,female,A101,4,A123,23,A143,A151,4,A173,1,A192,A201,2,young
594,A12,24,A32,A49,4272,A61,A73,1,male,A101,4,A121,36,A143,A152,4,A172,1,A192,A201,2,old
601,A13,18,A34,A40,2812,A61,A74,2,male,A101,2,A122,31,A143,A152,2,A173,1,A191,A201,2,old
601,A14,24,A33,A40,3857,A61,A73,1,male,A101,2,A124,32,A143,A153,2,A173,1,A191,A201,1,old
617,A12,8,A32,A43,2337,A61,A72,1,female,A103,1,A121,45,A143,A152,2,A173,1,A191,A201,1,old
617,A12,9,A32,A42,929,A61,A73,4,female,A101,1,A122,30,A143,A152,2,A173,1,A191,A201,2,old
617,A12,24,A31,A46,1867,A61,A74,4,female,A101,4,A124,34,A143,A153,2,A172,1,A191,A201,2,old
617,A12,39,A32,A42,3399,A61,A73,4,female,A101,2,A123,28,A143,A152,2,A172,1,A192,A201,2,old
625,A13,10,A32,A42,1473,A61,A72,4,female,A101,2,A122,23,A143,A152,2,A173,1,A191,A201,1,young
617,A11,26,A31,A43,3446,A63,A73,4,male,A101,4,A124,22,A143,A152,2,A173,1,A191,A201,1,young
609,A14,24,A31,A49,4526,A61,A73,3,male,A101,2,A121,74,A143,A152,2,A172,1,A191,A201,1,old
625,A12,39,A32,A43,2748,A62,A73,4,female,A102,4,A121,50,A143,A153,2,A173,1,A191,A201,2,old
609,A14,18,A32,A43,2051,A61,A72,4,male,A101,1,A121,33,A143,A152,2,A173,1,A191,A201,1,old
609,A14,16,A32,A41,1300,A61,A75,4,male,A101,4,A123,45,A141,A153,2,A173,2,A191,A201,1,old
631,A11,14,A32,A43,929,A62,A71,4,female,A101,3,A122,22,A143,A152,2,A173,1,A191,A201,2,young
625,A13,10,A32,A40,1255,A62,A73,1,female,A101,4,A124,48,A143,A152,2,A172,2,A191,A201,2,old
625,A11,22,A32,A43,3399,A64,A73,4,female,A101,2,A123,29,A141,A152,2,A173,1,A191,A201,1,old
640,A11,26,A31,A41,4439,A61,A73,1,female,A103,4,A123,22,A141,A151,2,A173,1,A191,A202,1,young
645,A14,20,A33,A49,2223,A61,A74,4,female,A101,1,A122,22,A143,A152,2,A173,1,A191,A201,2,young
617,A12,60,A32,A49,11998,A65,A73,2,male,A101,2,A123,48,A141,A152,2,A173,1,A191,A201,1,old
617,A12,72,A32,A43,9283,A65,A73,2,male,A101,2,A122,27,A143,A152,2,A173,1,A191,A201,1,old
617,A11,6,A34,A40,3676,A61,A73,1,male,A101,3,A121,37,A143,A151,4,A173,2,A191,A201,1,old
651,A11,30,A32,A42,3979,A62,A74,2,female,A101,4,A121,21,A143,A151,2,A173,1,A191,A201,2,young
617,A11,13,A32,A43,639,A61,A72,4,male,A101,2,A121,49,A143,A152,2,A172,1,A191,A201,1,old
617,A12,22,A32,A49,3643,A61,A74,2,male,A101,3,A122,27,A143,A152,2,A173,1,A191,A201,1,old
625,A12,18,A34,A46,1530,A61,A73,3,male,A101,2,A122,32,A141,A152,2,A173,1,A191,A201,2,old
625,A11,60,A32,A49,3905,A65,A73,4,male,A101,2,A121,38,A141,A152,2,A173,1,A191,A201,2,old
658,A11,14,A32,A42,2278,A61,A73,4,female,A101,1,A123,22,A143,A152,2,A173,1,A191,A201,1,young
625,A11,18,A32,A43,2579,A61,A73,4,male,A101,4,A121,65,A143,A153,2,A173,1,A191,A201,2,old
625,A14,16,A32,A43,1995,A65,A74,4,male,A101,2,A123,35,A143,A152,2,A173,1,A191,A201,1,old
625,A13,6,A32,A42,2121,A61,A73,2,male,A101,2,A121,41,A143,A152,2,A173,1,A192,A201,1,old
625,A12,9,A31,A42,1424,A62,A74,2,male,A101,3,A124,29,A143,A152,2,A173,1,A191,A201,2,old
631,A12,45,A34,A42,4113,A63,A73,4,male,A101,4,A121,36,A143,A152,2,A173,1,A192,A201,1,old
631,A14,9,A32,A46,3780,A65,A73,1,male,A101,4,A121,64,A143,A152,2,A172,1,A191,A201,1,old
640,A11,24,A32,A43,3676,A61,A73,2,female,A101,4,A123,28,A143,A152,2,A173,1,A191,A201,1,old
631,A11,18,A32,A42,1552,A61,A73,4,male,A101,3,A123,44,A141,A152,2,A173,1,A191,A201,2,old
658,A12,18,A32,A43,1655,A65,A72,4,male,A101,1,A122,23,A143,A152,2,A173,1,A191,A201,1,young
671,A14,9,A34,A43,2394,A61,A72,2,female,A102,2,A123,19,A143,A151,4,A173,1,A191,A201,2,young
640,A12,24,A32,A40,1364,A61,A73,3,female,A101,4,A123,25,A143,A152,2,A172,1,A191,A201,2,old
631,A11,13,A32,A46,1393,A61,A72,4,male,A101,4,A122,47,A141,A152,4,A173,2,A192,A201,1,old
645,A14,24,A32,A43,1393,A63,A74,4,female,A101,1,A123,28,A143,A152,2,A173,1,A191,A201,1,old
671,A14,60,A34,A43,15653,A61,A74,2,male,A101,4,A123,21,A143,A152,4,A173,1,A192,A201,1,young
645,A14,14,A32,A43,1512,A61,A74,4,female,A101,3,A123,34,A143,A152,2,A173,2,A191,A201,1,old
640,A11,45,A32,A43,4439,A61,A74,3,male,A101,2,A122,26,A141,A151,2,A173,2,A191,A201,2,old
645,A11,18,A32,A46,731,A61,A71,4,female,A101,1,A121,27,A143,A152,2,A173,1,A191,A201,2,old
640,A12,16,A32,A45,1300,A61,A75,4,male,A101,4,A123,38,A143,A152,2,A172,1,A191,A201,1,old
640,A14,16,A32,A46,4611,A62,A73,3,male,A101,2,A122,40,A143,A152,2,A171,1,A192,A201,2,old
651,A12,24,A34,A43,1884,A61,A74,4,female,A103,2,A123,33,A143,A152,2,A173,1,A192,A201,1,old
645,A11,18,A34,A43,1867,A61,A74,4,male,A101,1,A122,32,A143,A152,2,A172,1,A192,A201,1,old
645,A14,39,A32,A41,7882,A62,A72,4,male,A101,4,A123,27,A143,A151,2,A173,1,A191,A201,2,old
645,A11,30,A30,A42,4611,A61,A73,2,male,A103,2,A121,32,A143,A152,2,A173,1,A191,A201,1,old
651,A14,14,A32,A40,1412,A63,A73,2,female,A101,2,A122,26,A143,A152,2,A173,1,A191,A201,2,old
651,A12,24,A32,A40,937,A61,A74,4,male,A101,3,A123,38,A143,A152,2,A173,2,A191,A201,2,old
651,A11,13,A32,A46,697,A61,A73,4,male,A101,4,A123,40,A143,A151,2,A172,2,A191,A201,2,old
651,A11,60,A32,A48,7432,A61,A73,4,male,A101,1,A124,50,A143,A151,2,A172,1,A192,A201,1,old
651,A12,13,A32,A42,1925,A61,A73,4,male,A101,2,A122,37,A143,A152,2,A172,1,A191,A201,2,old
651,A11,24,A32,A40,2302,A61,A73,4,male,A102,1,A121,45,A143,A152,2,A173,1,A191,A201,2,old
651,A12,39,A32,A40,8133,A62,A73,2,male,A101,4,A123,42,A143,A152,4,A173,1,A191,A201,2,old
658,A14,24,A32,A41,2337,A61,A74,4,male,A101,3,A123,35,A143,A152,2,A173,1,A191,A201,1,old
679,A11,16,A32,A40,5179,A61,A71,1,male,A101,4,A124,22,A143,A152,2,A173,1,A191,A201,1,young
658,A12,13,A32,A40,894,A61,A74,4,male,A101,4,A123,41,A141,A152,2,A172,2,A191,A201,2,old
658,A14,60,A32,A43,10477,A61,A74,4,male,A101,3,A123,37,A143,A152,2,A173,1,A192,A201,1,old
665,A12,30,A30,A41,4169,A61,A73,2,female,A101,1,A123,28,A141,A152,2,A173,1,A191,A201,1,old
658,A12,18,A32,A42,6416,A61,A74,2,male,A101,1,A124,41,A143,A152,2,A173,1,A191,A201,1,old
685,A13,13,A32,A43,1512,A61,A73,3,male,A101,4,A121,23,A143,A152,2,A173,1,A191,A201,1,young
690,A14,13,A32,A40,1136,A65,A73,4,male,A101,2,A123,23,A143,A152,2,A172,1,A191,A201,2,young
658,A14,22,A32,A42,2246,A61,A74,4,male,A101,2,A121,50,A143,A152,2,A173,1,A191,A201,1,old
665,A12,6,A33,A42,1047,A61,A72,4,male,A101,1,A122,35,A143,A152,2,A174,1,A191,A201,1,old
671,A13,6,A32,A46,1047,A61,A73,2,female,A101,4,A122,50,A143,A153,2,A172,1,A191,A201,1,old
665,A14,24,A34,A40,6314,A61,A71,4,male,A102,2,A123,27,A141,A152,2,A173,1,A192,A201,1,old
665,A12,30,A31,A42,3509,A64,A73,4,male,A101,2,A123,34,A142,A152,2,A173,2,A192,A201,1,old
671,A14,60,A31,A40,3609,A61,A73,1,female,A101,1,A121,27,A142,A152,2,A173,1,A191,A201,1,old
679,A11,14,A34,A40,4870,A61,A73,3,female,A102,4,A122,43,A143,A152,2,A173,1,A192,A201,2,old
671,A12,30,A34,A43,3049,A61,A73,4,male,A101,4,A122,47,A143,A152,2,A173,1,A191,A201,1,old
671,A14,24,A32,A41,4113,A62,A73,3,male,A101,3,A122,27,A143,A152,2,A172,1,A192,A201,1,old
671,A14,39,A32,A42,5800,A62,A74,2,male,A101,2,A123,31,A143,A152,2,A173,1,A191,A201,1,old
671,A12,72,A32,A40,10477,A61,A72,2,male,A101,4,A122,42,A143,A152,2,A173,1,A192,A201,1,old
703,A14,6,A34,A40,2522,A63,A73,1,male,A101,2,A123,24,A143,A152,2,A173,1,A191,A201,1,young
671,A14,22,A32,A43,2579,A61,A72,4,male,A101,2,A121,41,A141,A152,2,A172,2,A191,A201,2,old
685,A14,30,A32,A43,4526,A61,A74,4,female,A101,4,A123,26,A143,A151,2,A173,1,A192,A201,1,old
679,A12,24,A32,A42,5179,A61,A75,4,male,A101,4,A123,33,A143,A152,2,A173,1,A192,A201,1,old
703,A11,72,A32,A43,6416,A62,A73,2,male,A101,2,A122,24,A143,A152,2,A173,1,A191,A201,2,young
679,A11,24,A32,A43,2366,A61,A75,4,male,A101,4,A121,64,A141,A151,2,A172,1,A191,A201,1,old
685,A14,18,A32,A43,1473,A61,A72,3,female,A101,1,A121,26,A143,A152,2,A173,1,A191,A201,1,old
685,A14,6,A32,A40,1552,A61,A73,1,female,A101,2,A124,56,A143,A152,2,A173,1,A191,A201,1,old
679,A14,13,A32,A43,2278,A65,A73,4,male,A101,4,A122,37,A143,A152,2,A173,1,A191,A201,1,old
685,A14,16,A32,A43,1473,A61,A73,4,male,A101,3,A121,33,A141,A152,2,A173,1,A191,A201,1,old
690,A14,24,A34,A43,5096,A61,A72,3,female,A101,3,A124,47,A143,A152,4,A173,1,A191,A201,1,old
685,A12,39,A32,A49,9857,A62,A74,1,male,A101,3,A122,31,A143,A152,2,A172,2,A192,A201,1,old
685,A14,72,A32,A40,6614,A65,A73,4,male,A101,4,A124,34,A143,A151,2,A173,2,A192,A201,1,old
690,A13,10,A32,A43,1364,A65,A74,4,female,A101,2,A122,27,A143,A152,2,A173,1,A192,A201,1,old
685,A12,39,A33,A40,2848,A62,A73,4,male,A101,3,A123,30,A143,A152,2,A173,1,A191,A201,1,old
703,A14,9,A32,A43,2812,A62,A75,3,female,A102,4,A123,35,A143,A152,2,A173,1,A191,A201,1,old
690,A11,13,A32,A40,3643,A64,A73,1,male,A101,3,A122,31,A143,A152,2,A173,2,A191,A201,1,old
690,A11,16,A34,A42,1024,A61,A73,2,male,A101,3,A122,25,A143,A152,2,A173,1,A191,A201,1,old
703,A12,16,A32,A45,2712,A62,A73,3,female,A101,2,A121,25,A143,A152,2,A172,1,A191,A201,1,old
690,A12,24,A32,A43,2896,A62,A72,2,male,A101,1,A123,29,A143,A152,2,A173,1,A191,A201,1,old
703,A11,6,A32,A49,4712,A61,A72,1,male,A101,3,A121,44,A143,A152,2,A172,2,A191,A201,1,old
703,A14,24,A32,A43,2278,A61,A74,4,male,A101,2,A123,28,A143,A152,2,A173,1,A191,A201,1,old
703,A11,6,A32,A41,1238,A63,A73,2,male,A101,4,A122,50,A143,A151,2,A173,1,A191,A201,1,old
709,A12,14,A32,A43,1103,A61,A74,4,female,A101,3,A121,29,A143,A152,2,A173,1,A191,A201,1,old
709,A14,14,A34,A40,929,A61,A73,1,female,A101,2,A122,38,A143,A152,2,A172,1,A191,A201,1,old
709,A14,20,A34,A43,2136,A61,A73,4,male,A101,2,A123,24,A143,A152,4,A173,1,A191,A201,1,young
709,A13,16,A32,A46,1925,A61,A73,4,female,A101,4,A123,40,A143,A151,2,A173,1,A191,A201,1,old
715,A13,14,A32,A42,1136,A63,A73,4,female,A101,4,A123,29,A143,A151,2,A172,1,A191,A201,2,old
715,A11,60,A32,A41,6416,A61,A75,4,female,A101,4,A121,46,A143,A152,2,A173,1,A192,A201,2,old
715,A13,24,A32,A43,1393,A62,A73,4,female,A101,2,A124,47,A143,A151,2,A173,1,A191,A201,1,old
703,A12,30,A32,A42,2473,A62,A72,4,male,A101,2,A122,41,A142,A152,2,A173,1,A191,A201,1,old
715,A12,28,A32,A43,2611,A61,A72,4,female,A101,1,A122,32,A143,A152,2,A173,2,A191,A201,1,old
715,A14,16,A32,A40,5302,A63,A73,1,female,A101,4,A122,35,A143,A152,2,A173,1,A191,A201,1,old
715,A14,48,A32,A43,7432,A62,A74,3,male,A101,2,A122,24,A143,A152,2,A173,1,A191,A201,2,young
723,A12,14,A32,A42,3069,A61,A72,4,female,A101,3,A122,25,A143,A151,2,A173,1,A191,A201,2,old
723,A12,9,A32,A40,1224,A61,A74,4,female,A101,4,A121,25,A143,A152,2,A173,1,A191,A201,1,old
709,A12,9,A32,A43,2121,A61,A73,2,male,A101,2,A121,37,A143,A152,2,A172,2,A191,A201,1,old
709,A14,18,A32,A43,639,A61,A73,4,male,A101,3,A122,32,A143,A152,2,A172,1,A192,A201,1,old
723,A11,6,A31,A46,1199,A61,A73,4,female,A101,4,A121,35,A143,A153,2,A173,1,A191,A201,2,old
715,A13,22,A32,A41,2473,A65,A72,4,male,A101,4,A121,46,A143,A152,2,A173,1,A192,A201,1,old
715,A11,9,A34,A43,1136,A61,A73,4,male,A101,4,A121,25,A143,A152,2,A172,1,A191,A201,1,old
715,A12,72,A32,A40,15653,A61,A74,4,male,A101,2,A123,27,A143,A152,2,A174,1,A192,A201,2,old
715,A14,30,A32,A43,7596,A65,A75,1,male,A101,4,A123,63,A143,A152,2,A173,1,A191,A201,1,old
715,A11,30,A34,A43,3069,A65,A75,3,male,A101,2,A123,40,A143,A152,2,A173,2,A192,A201,1,old
715,A14,18,A32,A43,1512,A61,A73,4,male,A101,2,A121,32,A143,A152,2,A173,1,A192,A201,1,old
723,A13,24,A34,A43,3160,A65,A73,3,male,A101,2,A123,31,A143,A152,2,A173,1,A192,A201,1,old
723,A12,20,A32,A46,6110,A62,A75,3,male,A101,4,A123,31,A143,A152,2,A173,1,A192,A201,1,old
723,A14,9,A32,A43,1337,A61,A72,4,male,A101,2,A123,34,A143,A152,2,A173,1,A192,A201,2,old
723,A12,6,A31,A46,571,A64,A72,4,male,A101,2,A122,24,A141,A152,2,A173,2,A191,A201,2,young
730,A13,13,A32,A40,1364,A61,A73,4,male,A101,2,A123,24,A143,A152,2,A172,1,A191,A201,2,young
730,A12,9,A32,A43,783,A63,A73,4,female,A102,3,A121,66,A143,A152,2,A172,1,A191,A201,1,old
745,A14,28,A32,A40,3380,A61,A73,3,female,A101,3,A121,21,A143,A151,2,A173,1,A191,A201,2,young
730,A14,6,A32,A41,339,A64,A73,2,female,A101,2,A121,41,A141,A152,2,A172,1,A191,A201,1,old
723,A13,16,A34,A43,1316,A63,A73,2,male,A101,2,A122,47,A143,A152,2,A172,1,A191,A201,1,old
737,A11,18,A32,A43,1908,A61,A73,4,female,A101,4,A123,25,A141,A151,2,A173,1,A191,A201,2,old
737,A12,60,A31,A46,6614,A64,A75,4,female,A101,3,A124,59,A143,A151,2,A173,1,A191,A201,2,old
730,A13,24,A34,A49,1274,A64,A73,2,male,A101,4,A121,36,A143,A152,2,A173,1,A192,A201,1,old
737,A12,24,A34,A43,6614,A61,A72,1,female,A101,2,A123,33,A143,A152,2,A173,1,A191,A201,1,old
745,A11,26,A34,A43,2394,A61,A73,2,male,A101,4,A121,21,A143,A152,2,A172,2,A191,A201,2,young
737,A12,9,A32,A43,760,A61,A74,4,female,A103,2,A121,44,A143,A152,2,A172,1,A191,A201,1,old
737,A14,24,A32,A43,2675,A64,A73,2,female,A101,4,A123,28,A143,A151,2,A173,1,A192,A201,1,old
745,A11,4,A32,A40,3399,A61,A74,1,female,A101,1,A121,37,A143,A152,2,A173,2,A191,A201,1,old
745,A12,39,A31,A44,3979,A61,A72,3,female,A101,2,A123,29,A141,A152,2,A173,1,A191,A201,1,old
754,A12,26,A32,A41,11560,A61,A73,1,male,A101,4,A123,23,A143,A152,4,A174,1,A191,A201,2,young
737,A11,18,A32,A40,4439,A62,A73,3,male,A101,4,A123,35,A143,A151,2,A172,2,A192,A201,1,old
737,A14,6,A34,A40,6761,A61,A74,1,male,A101,3,A123,45,A143,A152,2,A173,2,A192,A201,1,old
745,A12,30,A30,A49,4272,A62,A73,4,female,A101,4,A122,26,A143,A151,2,A172,1,A191,A201,2,old
754,A11,24,A31,A40,2337,A62,A74,2,female,A101,3,A123,32,A143,A152,2,A173,1,A192,A201,1,old
759,A12,10,A31,A43,1255,A61,A73,4,male,A101,4,A121,23,A143,A152,2,A172,1,A191,A201,1,young
745,A14,22,A32,A43,3160,A62,A73,4,male,A101,3,A122,41,A143,A152,2,A173,1,A191,A201,1,old
767,A11,26,A31,A42,3049,A63,A73,4,male,A101,4,A121,22,A142,A152,2,A173,1,A192,A201,1,young
745,A12,39,A32,A42,15653,A65,A74,4,male,A101,4,A122,30,A143,A152,2,A174,1,A191,A201,1,old
745,A11,13,A34,A40,1778,A61,A72,3,male,A101,1,A122,28,A141,A152,2,A172,1,A191,A201,1,old
779,A11,18,A32,A40,3160,A61,A71,1,female,A101,4,A123,23,A143,A151,2,A173,1,A191,A201,1,young
754,A11,14,A32,A40,1287,A61,A72,3,female,A101,1,A121,37,A143,A152,2,A172,1,A191,A201,2,old
745,A14,22,A32,A41,5302,A65,A73,1,male,A101,3,A123,26,A143,A152,2,A173,1,A191,A201,1,old
754,A14,16,A32,A41,3049,A61,A74,2,male,A101,2,A123,33,A143,A152,2,A173,1,A191,A201,1,old
759,A11,6,A32,A42,426,A61,A75,2,female,A101,1,A122,49,A141,A152,2,A173,1,A192,A201,1,old
785,A11,20,A32,A40,1199,A61,A73,1,female,A101,2,A121,23,A143,A152,2,A172,1,A192,A201,2,young
785,A12,13,A32,A43,1024,A62,A72,2,male,A101,4,A123,23,A143,A152,2,A172,1,A191,A201,1,young
759,A14,30,A34,A43,5800,A61,A74,4,female,A101,2,A123,25,A143,A152,2,A173,1,A191,A201,1,old
754,A12,13,A33,A45,1552,A64,A74,4,male,A101,4,A123,55,A143,A153,2,A173,2,A191,A201,2,old
759,A11,24,A32,A40,1300,A65,A74,4,female,A101,4,A123,32,A143,A151,2,A173,1,A191,A201,2,old
754,A13,6,A34,A41,1300,A61,A73,1,male,A101,1,A121,74,A143,A152,4,A171,2,A191,A202,1,old
759,A13,16,A32,A43,1274,A61,A73,3,male,A101,4,A124,39,A143,A152,2,A173,1,A192,A201,2,old
759,A11,24,A32,A40,1393,A61,A73,2,male,A103,2,A121,31,A143,A152,2,A173,1,A192,A201,1,old
767,A11,14,A33,A40,697,A61,A73,4,female,A101,3,A122,35,A143,A152,2,A173,1,A191,A201,2,old
767,A12,16,A32,A43,5096,A65,A75,1,female,A101,4,A123,59,A143,A152,2,A173,1,A192,A201,1,old
791,A12,20,A34,A43,2611,A61,A73,4,male,A101,4,A121,24,A143,A151,4,A173,1,A191,A201,2,young
799,A11,13,A32,A43,2748,A61,A73,4,male,A101,3,A122,24,A143,A152,2,A172,1,A191,A201,1,young
759,A14,22,A34,A40,14555,A65,A73,4,male,A101,4,A121,30,A143,A152,2,A173,1,A192,A201,2,old
767,A14,24,A34,A40,2473,A62,A74,4,male,A101,3,A122,27,A143,A152,2,A173,1,A192,A201,1,old
767,A12,13,A32,A43,1158,A61,A74,3,male,A103,3,A121,40,A143,A152,2,A172,1,A191,A201,1,old
767,A11,30,A32,A42,3108,A61,A73,2,male,A101,4,A122,31,A143,A152,2,A172,1,A191,A201,2,old
773,A14,10,A32,A41,2991,A61,A72,1,female,A101,4,A121,31,A143,A151,2,A173,1,A191,A201,1,old
767,A12,13,A32,A42,3609,A61,A73,1,male,A101,4,A123,28,A143,A151,4,A173,1,A192,A201,1,old
773,A14,14,A34,A43,1721,A61,A73,2,female,A101,4,A121,63,A143,A152,2,A172,1,A191,A201,1,old
779,A11,24,A32,A41,2896,A65,A74,2,female,A101,4,A121,26,A143,A151,2,A173,1,A191,A201,1,old
779,A11,39,A34,A46,8471,A61,A73,3,female,A101,2,A124,25,A143,A152,2,A173,1,A192,A201,2,old
773,A14,22,A33,A41,3342,A61,A73,1,male,A101,4,A123,36,A143,A152,2,A173,1,A192,A201,1,old
779,A11,24,A32,A43,2246,A62,A74,4,female,A101,4,A122,52,A141,A152,2,A173,1,A191,A201,1,old
773,A13,13,A34,A42,1494,A63,A71,2,male,A101,4,A121,66,A141,A153,4,A171,1,A191,A201,1,old
779,A11,24,A32,A40,1377,A65,A73,4,female,A101,4,A121,25,A143,A151,2,A173,1,A191,A201,2,old
779,A12,39,A34,A40,3552,A61,A74,4,male,A101,4,A123,37,A143,A152,2,A173,1,A192,A201,1,old
785,A11,18,A32,A43,3552,A61,A74,4,female,A103,1,A121,25,A143,A152,2,A173,1,A191,A201,1,old
779,A14,39,A32,A41,5507,A64,A74,4,male,A101,2,A123,38,A143,A152,2,A173,1,A192,A201,1,old
785,A12,18,A32,A45,3905,A61,A73,2,female,A101,4,A123,67,A143,A152,2,A173,1,A192,A201,1,old
779,A12,39,A34,A43,4870,A61,A74,2,male,A103,2,A121,25,A143,A151,2,A173,1,A191,A201,2,old
779,A12,24,A32,A40,1940,A64,A74,4,male,A101,4,A121,60,A143,A152,2,A173,1,A192,A201,1,old
785,A12,13,A32,A48,1412,A61,A73,2,male,A101,2,A121,31,A143,A152,2,A172,1,A192,A201,1,old
807,A12,13,A32,A40,958,A62,A72,4,male,A101,2,A122,23,A141,A152,2,A172,1,A191,A201,2,young
785,A12,20,A32,A41,6614,A61,A71,1,male,A101,4,A121,60,A143,A152,2,A173,1,A191,A201,1,old
791,A12,18,A32,A49,1963,A64,A73,4,female,A101,2,A122,35,A143,A151,2,A172,1,A191,A201,1,old
785,A14,22,A32,A43,2675,A63,A72,3,male,A101,4,A123,40,A143,A152,2,A173,1,A191,A201,1,old
785,A14,60,A34,A46,2748,A65,A72,4,male,A101,3,A123,38,A143,A152,2,A173,2,A191,A201,1,old
791,A12,60,A32,A42,6260,A61,A72,4,male,A101,4,A124,50,A143,A152,2,A173,1,A191,A201,2,old
791,A11,40,A34,A43,6110,A61,A73,4,male,A101,3,A124,27,A143,A152,2,A173,1,A192,A201,2,old
799,A12,22,A32,A42,1175,A61,A75,2,female,A101,4,A122,39,A143,A151,2,A173,2,A191,A201,2,old
791,A14,24,A32,A42,6314,A65,A73,3,male,A101,4,A123,41,A143,A152,2,A171,2,A192,A201,1,old
791,A14,6,A34,A42,1224,A63,A73,1,male,A101,2,A122,27,A143,A152,2,A173,1,A191,A201,1,old
791,A13,24,A32,A42,2896,A61,A73,3,male,A101,4,A124,51,A143,A152,2,A173,1,A191,A201,1,old
807,A14,24,A32,A42,3160,A63,A72,4,female,A101,3,A123,32,A143,A151,2,A173,1,A192,A201,1,old
822,A14,9,A31,A40,2924,A62,A74,2,female,A101,4,A122,22,A143,A151,2,A173,1,A191,A201,1,young
799,A11,18,A32,A41,7596,A61,A75,1,male,A101,4,A122,51,A143,A152,2,A173,2,A192,A201,2,old
828,A14,14,A34,A42,1453,A61,A72,2,female,A101,4,A121,22,A143,A151,4,A172,1,A191,A201,1,young
799,A11,24,A34,A42,709,A65,A72,4,male,A101,4,A123,54,A143,A152,2,A173,1,A191,A201,1,old
799,A12,9,A32,A40,1552,A65,A72,4,male,A101,2,A121,35,A143,A152,2,A171,1,A191,A201,1,old
799,A12,24,A34,A46,1595,A61,A75,4,male,A101,4,A124,54,A143,A152,2,A173,2,A191,A201,1,old
807,A12,18,A34,A43,1819,A61,A74,3,female,A103,4,A121,48,A143,A151,2,A172,1,A191,A201,1,old
834,A11,22,A34,A42,5507,A61,A75,1,female,A101,4,A122,24,A143,A152,4,A173,1,A191,A201,1,young
807,A14,13,A32,A43,1024,A65,A71,4,male,A101,4,A123,35,A143,A152,2,A173,1,A191,A201,1,old
843,A11,14,A32,A40,8471,A65,A73,1,female,A101,2,A121,24,A143,A152,2,A173,1,A191,A201,1,young
843,A11,39,A32,A40,9283,A61,A74,2,male,A101,1,A123,24,A143,A152,2,A173,1,A192,A201,2,young
807,A12,6,A32,A43,571,A61,A72,3,male,A101,3,A121,26,A143,A152,2,A172,1,A191,A201,1,old
807,A14,13,A32,A43,929,A65,A75,4,male,A101,4,A121,65,A143,A152,4,A173,1,A191,A201,1,old
807,A12,45,A31,A41,9283,A61,A71,1,male,A101,2,A124,55,A143,A152,2,A173,1,A192,A201,1,old
814,A12,16,A32,A42,1819,A61,A72,2,female,A101,1,A121,26,A143,A151,2,A171,1,A191,A201,2,old
814,A12,9,A32,A49,894,A61,A72,3,male,A101,2,A121,26,A143,A153,2,A173,1,A192,A201,1,old
814,A12,6,A32,A43,426,A61,A74,3,male,A103,3,A121,28,A143,A152,2,A172,1,A191,A201,1,old
849,A13,39,A34,A41,9857,A61,A74,4,male,A101,4,A123,24,A143,A152,4,A173,1,A192,A201,2,young
814,A11,60,A32,A44,3049,A61,A73,3,male,A101,4,A123,54,A143,A152,2,A173,1,A191,A201,2,old
814,A11,60,A32,A40,3959,A61,A74,4,male,A101,4,A121,46,A143,A152,2,A173,2,A191,A201,2,old
822,A12,39,A33,A40,7596,A61,A73,2,female,A101,2,A122,54,A143,A152,2,A173,1,A191,A201,1,old
814,A12,6,A32,A44,1337,A63,A73,1,male,A101,4,A121,62,A143,A152,2,A173,1,A191,A201,1,old
854,A14,6,A34,A43,1908,A61,A74,1,male,A101,2,A123,24,A143,A152,4,A173,1,A192,A201,1,young
828,A11,39,A32,A42,15857,A61,A73,2,female,A101,3,A123,43,A143,A152,2,A173,1,A191,A201,1,old
822,A11,18,A32,A43,1346,A61,A73,4,male,A101,3,A121,26,A143,A152,2,A173,1,A191,A201,2,old
822,A14,13,A32,A40,1103,A61,A73,3,male,A101,2,A123,27,A143,A152,2,A173,1,A192,A201,1,old
860,A13,13,A32,A43,3552,A61,A72,3,male,A101,1,A123,24,A143,A152,2,A173,1,A191,A201,1,young
822,A11,39,A32,A42,2712,A61,A72,2,male,A101,2,A122,41,A143,A152,2,A173,2,A191,A201,2,old
822,A11,9,A34,A42,731,A61,A73,4,male,A101,4,A121,47,A143,A152,2,A172,1,A191,A201,1,old
828,A14,18,A34,A42,3780,A61,A72,3,female,A101,2,A123,35,A143,A152,2,A174,1,A192,A201,1,old
834,A11,22,A32,A40,1655,A61,A75,4,female,A101,3,A123,30,A143,A152,2,A173,1,A192,A201,1,old
834,A11,18,A34,A40,3959,A61,A75,1,female,A101,4,A121,33,A141,A151,4,A173,1,A191,A201,2,old
828,A14,18,A32,A46,4169,A61,A73,2,male,A101,2,A123,36,A142,A152,2,A173,2,A191,A201,2,old
828,A11,39,A32,A41,8471,A65,A75,3,male,A101,4,A124,47,A143,A152,2,A173,1,A191,A201,2,old
828,A12,60,A32,A41,6614,A65,A73,4,male,A101,4,A123,38,A143,A151,2,A173,2,A191,A201,1,old
828,A14,24,A34,A40,2366,A63,A73,4,male,A101,2,A123,44,A143,A152,2,A173,2,A192,A201,1,old
867,A13,20,A32,A40,1346,A61,A74,4,male,A101,3,A123,23,A143,A152,2,A173,1,A192,A201,2,young
834,A11,45,A34,A40,11998,A61,A75,2,male,A101,4,A123,29,A143,A151,2,A173,1,A191,A201,2,old
843,A13,24,A32,A43,5096,A65,A73,2,female,A101,4,A123,42,A143,A152,2,A173,1,A192,A201,1,old
843,A13,16,A32,A43,2337,A61,A72,2,female,A101,3,A121,25,A143,A152,2,A172,1,A191,A201,2,old
843,A11,14,A32,A42,1076,A61,A73,4,female,A101,4,A123,48,A143,A152,2,A173,1,A191,A201,2,old
874,A14,13,A32,A43,1103,A65,A73,4,male,A101,2,A123,21,A143,A152,2,A173,1,A191,A201,1,young
886,A14,4,A32,A46,731,A61,A74,1,male,A101,3,A121,23,A143,A152,2,A172,2,A191,A201,1,young
834,A11,24,A34,A41,2924,A61,A74,4,male,A101,4,A122,63,A143,A152,2,A173,1,A192,A201,1,old
843,A11,24,A34,A43,2611,A61,A73,4,male,A102,3,A121,46,A143,A152,2,A173,1,A191,A201,1,old
843,A11,39,A32,A42,5179,A61,A71,4,male,A101,2,A122,29,A143,A152,2,A173,1,A191,A201,2,old
843,A14,22,A32,A41,2991,A61,A73,3,male,A101,2,A121,28,A143,A152,2,A172,1,A191,A201,1,old
886,A14,20,A32,A43,2326,A61,A72,4,female,A101,4,A121,23,A143,A152,2,A173,1,A191,A201,2,young
843,A14,24,A31,A49,1574,A61,A74,4,male,A101,4,A123,50,A141,A152,2,A173,1,A192,A201,1,old
843,A14,18,A32,A42,3446,A61,A74,4,male,A101,4,A122,47,A141,A151,4,A173,2,A191,A201,1,old
843,A12,22,A32,A42,3979,A65,A74,2,male,A101,3,A123,35,A143,A151,2,A172,1,A192,A201,1,old
849,A14,18,A32,A40,6761,A65,A73,2,male,A101,4,A123,68,A143,A151,2,A173,1,A191,A201,2,old
849,A14,24,A32,A40,1255,A61,A72,4,male,A101,2,A121,28,A143,A152,2,A173,1,A191,A201,1,old
849,A11,9,A32,A41,1377,A61,A74,3,female,A101,4,A121,59,A143,A152,2,A173,1,A191,A201,1,old
849,A11,14,A32,A43,709,A61,A73,4,female,A101,4,A121,57,A142,A152,2,A172,1,A191,A201,2,old
849,A11,20,A32,A40,2223,A61,A73,4,male,A103,2,A122,33,A143,A151,2,A173,1,A191,A201,2,old
849,A14,24,A34,A41,4113,A65,A74,3,male,A101,4,A122,43,A143,A152,2,A173,1,A192,A201,1,old
854,A14,16,A32,A43,1473,A61,A73,4,male,A101,4,A123,35,A143,A152,2,A173,1,A192,A201,1,old
854,A11,18,A31,A40,1453,A61,A74,4,male,A101,4,A122,32,A143,A152,2,A172,2,A191,A201,2,old
854,A14,39,A32,A49,11560,A61,A73,2,female,A101,2,A123,45,A143,A152,2,A173,2,A192,A201,1,old
854,A12,24,A32,A40,1494,A62,A72,4,female,A101,3,A121,33,A143,A152,2,A173,1,A192,A201,1,old
854,A14,10,A32,A48,894,A65,A74,4,female,A101,3,A122,40,A143,A152,2,A173,1,A192,A201,1,old
860,A14,16,A32,A42,3342,A61,A73,4,male,A101,2,A121,28,A143,A151,2,A173,1,A192,A201,1,old
860,A11,16,A32,A41,3959,A61,A73,3,female,A101,2,A122,29,A143,A152,2,A173,1,A192,A201,2,old
860,A11,9,A32,A40,3578,A62,A73,1,male,A103,2,A121,26,A143,A151,2,A173,2,A191,A202,1,old
860,A14,24,A32,A41,5800,A61,A73,4,male,A101,2,A121,27,A143,A152,2,A173,1,A191,A201,1,old
860,A14,18,A33,A40,2223,A61,A73,4,female,A101,2,A123,28,A143,A152,2,A173,1,A192,A201,2,old
860,A11,24,A32,A43,2522,A61,A72,4,female,A101,4,A121,35,A143,A152,2,A173,1,A192,A201,2,old
867,A12,28,A34,A42,4526,A64,A72,4,male,A101,2,A121,32,A143,A152,2,A172,2,A192,A201,1,old
867,A11,10,A32,A42,2223,A61,A73,2,male,A101,2,A121,25,A143,A151,2,A172,1,A191,A201,2,old
893,A14,18,A32,A43,2848,A63,A73,2,female,A101,4,A123,20,A143,A152,2,A173,1,A191,A201,1,young
867,A11,18,A32,A43,2473,A61,A72,4,female,A101,1,A123,27,A142,A152,2,A173,1,A191,A201,1,old
867,A14,13,A34,A42,3342,A61,A74,2,male,A101,4,A122,42,A142,A152,2,A173,1,A191,A201,1,old
867,A12,39,A32,A46,7432,A63,A72,3,male,A101,2,A122,37,A143,A152,2,A173,1,A191,A201,1,old
898,A14,14,A32,A40,783,A61,A75,4,female,A101,4,A122,24,A143,A152,2,A173,1,A191,A201,1,young
867,A11,39,A33,A42,7763,A63,A74,2,female,A101,4,A123,40,A143,A152,2,A173,1,A191,A201,1,old
874,A13,6,A34,A43,1337,A61,A74,1,male,A101,4,A121,46,A143,A152,2,A173,2,A191,A202,1,old
874,A11,24,A32,A40,1377,A62,A74,4,male,A101,1,A121,26,A143,A152,2,A173,1,A192,A201,1,old
904,A14,18,A32,A43,1047,A65,A71,4,female,A101,1,A121,24,A143,A152,2,A173,1,A191,A201,1,young
874,A11,14,A32,A42,3578,A61,A73,2,female,A102,2,A122,29,A143,A152,2,A172,2,A191,A201,1,old
874,A12,13,A34,A40,1337,A64,A73,4,female,A101,4,A123,40,A143,A152,2,A173,1,A191,A201,1,old
874,A12,18,A31,A43,1940,A61,A72,3,male,A102,4,A123,36,A143,A152,2,A173,1,A191,A201,1,old
886,A14,39,A32,A43,3609,A61,A73,4,male,A101,2,A123,28,A143,A151,2,A173,1,A191,A201,1,old
886,A11,9,A32,A40,1424,A61,A72,3,male,A101,2,A124,27,A143,A152,2,A173,1,A191,A201,2,old
886,A12,30,A32,A43,6761,A65,A74,2,male,A101,3,A122,36,A143,A152,2,A173,1,A191,A201,1,old
886,A13,24,A32,A41,7763,A61,A74,3,male,A101,3,A123,38,A143,A152,2,A173,1,A192,A201,1,old
886,A14,24,A32,A41,9283,A65,A73,2,male,A101,4,A121,48,A143,A151,2,A173,1,A192,A201,1,old
886,A12,30,A32,A40,2181,A65,A75,4,male,A101,4,A121,36,A143,A152,2,A172,1,A191,A201,1,old
886,A12,18,A34,A43,1103,A61,A71,4,female,A101,4,A123,65,A143,A152,2,A173,1,A191,A201,1,old
893,A12,24,A32,A42,4113,A61,A74,3,male,A101,3,A123,43,A143,A152,2,A173,1,A192,A201,2,old
886,A11,14,A32,A43,783,A61,A72,4,female,A101,4,A122,53,A143,A152,2,A173,1,A191,A201,2,old
886,A12,24,A34,A49,2896,A65,A74,4,female,A101,3,A124,34,A143,A152,2,A173,2,A192,A201,1,old
912,A12,48,A32,A49,15857,A61,A73,2,male,A101,2,A121,23,A143,A152,2,A173,1,A192,A201,2,young
893,A14,39,A32,A40,6614,A61,A73,4,male,A101,4,A123,34,A143,A152,2,A173,1,A192,A201,1,old
893,A11,28,A31,A41,7763,A61,A72,3,male,A103,4,A121,40,A143,A151,2,A173,2,A192,A201,1,old
898,A11,28,A34,A49,2473,A61,A71,4,male,A101,4,A123,43,A142,A152,4,A173,2,A192,A201,1,old
893,A12,16,A34,A43,1867,A61,A74,4,female,A101,4,A123,46,A143,A152,2,A173,1,A191,A201,1,old
898,A11,13,A32,A40,2181,A61,A73,4,male,A101,4,A122,38,A143,A152,2,A172,1,A191,A201,1,old
898,A12,39,A34,A41,5800,A61,A73,3,male,A101,4,A123,34,A143,A152,2,A173,1,A192,A201,1,old
898,A14,18,A32,A43,1175,A65,A73,4,male,A101,3,A122,29,A143,A152,2,A173,1,A191,A201,1,old
898,A12,39,A32,A41,8978,A61,A74,3,male,A101,2,A123,31,A142,A152,2,A171,2,A191,A201,1,old
898,A11,22,A32,A43,2675,A61,A72,4,female,A101,4,A122,28,A143,A151,2,A173,1,A192,A201,1,old
898,A12,14,A32,A42,1655,A64,A74,3,female,A101,2,A122,35,A143,A152,2,A173,1,A191,A201,1,old
898,A14,16,A32,A40,2223,A65,A74,1,female,A101,4,A121,33,A143,A152,2,A172,1,A191,A201,1,old
904,A11,18,A32,A42,4169,A61,A73,2,male,A102,3,A123,42,A143,A152,2,A173,1,A191,A201,2,old
904,A11,16,A32,A40,2647,A61,A73,2,male,A103,4,A122,43,A141,A151,2,A173,1,A191,A201,2,old
904,A14,20,A32,A40,3509,A61,A72,2,male,A101,4,A121,44,A143,A152,2,A173,1,A191,A201,1,old
904,A14,39,A32,A41,10477,A65,A74,2,male,A101,4,A121,42,A143,A152,2,A173,1,A191,A201,1,old
904,A14,16,A32,A43,1412,A65,A73,4,female,A101,2,A121,40,A143,A152,2,A173,1,A191,A201,1,old
904,A14,24,A32,A43,1274,A61,A73,4,male,A101,1,A121,36,A143,A152,2,A173,1,A192,A201,1,old
917,A11,13,A32,A43,1287,A61,A74,2,male,A101,2,A121,20,A143,A152,2,A173,2,A192,A201,1,young
924,A11,24,A34,A40,4712,A61,A74,2,male,A102,2,A121,24,A143,A152,2,A172,1,A191,A202,1,young
904,A12,39,A32,A42,3676,A62,A73,2,male,A101,2,A123,27,A143,A152,2,A173,1,A191,A201,1,old
904,A14,16,A33,A41,3578,A61,A72,1,female,A101,2,A122,46,A143,A152,2,A172,1,A191,A201,1,old
912,A12,9,A32,A43,3380,A65,A73,1,female,A101,2,A121,33,A143,A152,2,A172,1,A191,A201,1,old
912,A13,39,A32,A43,4439,A61,A73,4,female,A101,4,A121,34,A143,A152,2,A173,1,A191,A201,1,old
912,A12,24,A32,A46,4712,A61,A72,2,female,A101,4,A123,25,A143,A152,2,A172,1,A191,A201,2,old
912,A12,30,A32,A43,3069,A65,A71,2,female,A101,4,A123,25,A142,A152,2,A173,1,A191,A201,1,old
912,A11,13,A32,A49,2136,A64,A73,1,male,A101,2,A121,28,A143,A152,2,A173,1,A191,A201,1,old
912,A11,24,A31,A49,3160,A61,A73,4,male,A101,2,A122,31,A143,A151,2,A173,1,A191,A201,2,old
917,A12,60,A32,A40,15857,A61,A73,1,female,A101,2,A122,32,A141,A152,2,A172,1,A192,A201,2,old
917,A14,10,A32,A41,2848,A62,A73,1,male,A102,2,A121,32,A143,A152,2,A173,2,A191,A201,1,old
917,A11,6,A32,A40,15857,A61,A73,1,male,A101,4,A123,68,A141,A152,2,A173,1,A192,A201,2,old
917,A11,24,A32,A42,2366,A62,A71,1,male,A101,1,A122,33,A143,A151,2,A173,1,A191,A201,2,old
917,A11,24,A32,A42,3342,A61,A73,4,male,A101,2,A122,39,A143,A151,2,A173,1,A192,A201,2,old
924,A14,18,A32,A42,1837,A61,A73,4,female,A101,2,A123,28,A143,A152,2,A173,1,A191,A201,1,old
924,A14,60,A31,A43,14555,A63,A74,4,male,A101,1,A123,37,A143,A152,2,A172,1,A192,A201,1,old
933,A14,9,A32,A43,1574,A61,A72,3,male,A101,4,A122,22,A143,A152,2,A173,1,A191,A201,2,young
924,A12,13,A32,A40,1995,A61,A74,3,male,A101,4,A122,30,A143,A151,2,A173,2,A191,A201,1,old
924,A11,24,A31,A42,6948,A61,A72,2,male,A101,1,A122,55,A141,A152,2,A173,1,A191,A201,2,old
924,A11,13,A31,A42,697,A61,A72,4,male,A101,2,A123,46,A143,A152,2,A173,1,A192,A201,2,old
940,A11,20,A34,A42,1287,A61,A72,4,female,A101,4,A122,21,A143,A152,2,A173,1,A191,A201,1,young
924,A11,60,A32,A43,10477,A61,A74,4,male,A101,4,A121,39,A142,A152,4,A173,2,A191,A201,2,old
933,A14,30,A32,A43,1867,A65,A75,4,male,A101,4,A123,58,A143,A152,2,A173,1,A192,A201,1,old
933,A11,13,A33,A43,1346,A61,A73,4,male,A101,2,A122,43,A143,A152,2,A172,2,A191,A201,1,old
945,A14,26,A32,A42,2051,A61,A75,4,male,A101,1,A122,24,A143,A152,2,A172,1,A191,A202,1,young
952,A12,9,A32,A43,1995,A61,A72,4,male,A101,2,A123,22,A143,A152,2,A172,1,A191,A201,2,young
933,A14,9,A34,A42,1238,A61,A73,3,female,A101,1,A121,30,A143,A152,2,A173,1,A191,A201,1,old
933,A14,13,A32,A43,571,A63,A72,4,male,A101,4,A122,42,A143,A152,2,A173,2,A192,A201,1,old
958,A11,13,A32,A43,1778,A61,A73,4,male,A101,1,A123,23,A141,A152,2,A173,1,A191,A201,1,young
933,A12,30,A33,A43,1908,A62,A72,4,male,A101,3,A124,30,A142,A152,2,A173,1,A191,A201,2,old
933,A13,9,A32,A43,731,A61,A73,3,female,A101,2,A121,28,A143,A152,2,A172,1,A191,A201,2,old
940,A12,6,A32,A43,2051,A61,A72,4,male,A101,3,A123,30,A143,A151,2,A173,1,A191,A201,1,old
940,A12,72,A32,A46,6260,A61,A73,4,male,A101,4,A123,42,A143,A153,2,A173,1,A191,A201,2,old
940,A14,24,A34,A41,6761,A65,A73,2,male,A101,4,A122,46,A143,A152,2,A173,2,A191,A201,1,old
940,A14,13,A32,A40,3552,A65,A72,2,male,A101,3,A122,45,A143,A152,2,A174,2,A192,A201,1,old
940,A14,10,A32,A40,1552,A61,A73,3,male,A101,2,A121,31,A143,A152,2,A172,2,A191,A201,1,old
940,A14,24,A32,A42,929,A61,A74,4,male,A101,2,A123,31,A142,A152,2,A173,1,A192,A201,1,old
945,A14,4,A34,A40,1453,A61,A74,2,male,A101,1,A121,42,A143,A152,4,A172,2,A191,A201,1,old
945,A11,16,A32,A42,1867,A61,A72,4,female,A103,1,A122,46,A143,A151,2,A173,1,A191,A201,1,old
945,A12,60,A30,A40,8978,A63,A72,1,female,A101,1,A121,30,A143,A152,2,A173,1,A191,A201,1,old
945,A11,24,A31,A42,3380,A63,A72,4,male,A101,4,A122,30,A143,A152,2,A173,2,A191,A201,2,old
945,A14,13,A32,A40,2848,A61,A71,4,male,A101,4,A122,38,A143,A152,2,A173,1,A191,A201,1,old
952,A11,18,A32,A42,1530,A61,A72,4,male,A102,1,A122,43,A143,A152,2,A172,2,A191,A201,2,old
952,A14,24,A32,A43,3643,A62,A73,2,male,A101,4,A123,31,A143,A152,2,A173,1,A191,A201,2,old
952,A12,18,A34,A42,3578,A61,A71,3,male,A101,3,A123,40,A143,A152,4,A171,2,A191,A201,1,old
963,A11,39,A32,A49,2647,A61,A74,2,male,A101,1,A123,24,A143,A152,4,A173,1,A192,A201,2,young
952,A12,24,A32,A41,4113,A63,A72,3,female,A101,4,A123,28,A143,A151,2,A173,1,A191,A201,2,old
952,A14,39,A32,A42,11560,A61,A72,4,female,A101,2,A123,26,A143,A152,2,A172,1,A191,A201,2,old
952,A11,14,A32,A40,1908,A61,A73,4,female,A103,4,A122,29,A143,A152,2,A173,1,A191,A201,1,old
958,A11,24,A32,A43,1238,A64,A74,4,female,A101,4,A122,57,A143,A151,2,A173,1,A192,A201,1,old
958,A11,30,A32,A43,3676,A65,A73,4,male,A101,4,A122,49,A142,A152,2,A172,1,A191,A201,1,old
958,A12,9,A34,A43,1158,A61,A73,2,male,A101,4,A121,37,A143,A152,4,A172,1,A191,A201,1,old
958,A11,28,A32,A43,3979,A61,A73,3,female,A101,2,A123,45,A143,A152,2,A172,1,A191,A201,2,old
958,A12,24,A32,A42,3069,A61,A74,4,male,A101,4,A123,30,A143,A152,2,A173,1,A191,A201,1,old
958,A14,6,A32,A43,1778,A61,A74,2,female,A101,2,A121,30,A143,A151,2,A173,1,A191,A201,1,old
963,A12,22,A32,A40,2366,A61,A73,1,male,A101,4,A122,47,A143,A152,2,A173,1,A191,A201,1,old
963,A14,16,A32,A40,3552,A65,A73,3,male,A101,2,A121,29,A143,A152,2,A173,1,A191,A201,1,old
963,A13,24,A32,A43,2394,A63,A73,3,male,A101,2,A123,35,A143,A152,2,A173,1,A192,A201,2,old
972,A12,6,A32,A43,672,A61,A71,3,male,A101,1,A122,22,A143,A152,2,A172,1,A191,A201,1,young
963,A12,30,A32,A43,1778,A65,A73,4,female,A101,1,A123,26,A143,A152,2,A173,1,A191,A201,1,old
978,A12,28,A34,A43,3108,A63,A73,4,male,A101,2,A122,23,A143,A152,4,A172,1,A191,A201,2,young
963,A14,16,A32,A43,3578,A61,A72,4,female,A101,2,A123,54,A143,A152,2,A173,1,A192,A201,1,old
972,A12,45,A32,A43,7166,A65,A74,2,male,A101,4,A122,29,A143,A151,2,A173,1,A192,A201,1,old
972,A11,13,A34,A42,3959,A61,A73,1,male,A101,2,A121,40,A143,A152,2,A172,2,A191,A201,1,old
984,A12,18,A32,A43,1819,A62,A73,4,male,A103,2,A121,22,A143,A152,2,A173,1,A191,A201,1,young
972,A14,24,A32,A40,7308,A61,A73,1,male,A101,4,A122,43,A143,A152,2,A172,2,A191,A201,1,old
972,A11,24,A31,A49,1199,A61,A71,1,female,A102,4,A122,29,A143,A151,2,A173,1,A191,A201,2,old
972,A11,72,A32,A49,7308,A61,A75,4,male,A102,4,A121,36,A143,A151,2,A173,1,A191,A201,2,old
972,A14,30,A34,A43,2924,A61,A73,4,female,A101,2,A123,33,A143,A152,2,A173,1,A192,A201,1,old
978,A14,24,A32,A43,1274,A63,A73,3,female,A101,3,A123,57,A143,A152,2,A172,1,A191,A201,1,old
978,A12,6,A32,A43,760,A61,A73,2,female,A103,3,A121,64,A143,A152,2,A173,1,A191,A201,1,old
978,A12,18,A31,A49,2473,A65,A75,4,male,A101,2,A122,42,A143,A152,2,A173,1,A191,A201,1,old
978,A11,24,A33,A40,2522,A61,A75,4,male,A101,4,A123,47,A143,A152,2,A172,2,A191,A201,2,old
978,A12,16,A31,A40,1274,A62,A73,2,male,A101,2,A122,25,A143,A151,2,A173,1,A191,A201,2,old
978,A12,30,A34,A42,8471,A61,A75,2,male,A101,2,A122,49,A143,A151,2,A173,1,A191,A201,2,old
984,A14,60,A32,A43,4870,A61,A71,3,male,A101,2,A123,33,A141,A151,2,A173,1,A192,A201,2,old
984,A13,22,A32,A40,3049,A62,A73,1,female,A101,1,A123,28,A141,A152,2,A174,1,A192,A201,1,old
984,A11,39,A32,A41,8471,A61,A73,2,female,A101,2,A122,26,A143,A152,2,A173,2,A191,A201,2,old
984,A14,24,A34,A42,2051,A61,A74,2,male,A101,2,A122,30,A143,A152,2,A172,1,A191,A201,1,old
984,A11,16,A32,A42,1453,A61,A73,4,female,A101,3,A122,25,A143,A151,2,A173,1,A191,A201,1,old
984,A13,45,A32,A42,6260,A61,A72,2,male,A101,1,A122,33,A143,A152,2,A173,1,A191,A201,1,old
992,A14,14,A32,A43,1424,A62,A72,2,female,A101,4,A121,64,A143,A152,2,A173,1,A191,A201,1,old
992,A11,24,A32,A41,6761,A61,A71,4,female,A101,2,A124,29,A143,A151,2,A173,1,A192,A201,1,old
992,A12,24,A32,A43,1778,A61,A74,4,male,A101,2,A122,48,A143,A152,2,A172,1,A191,A201,1,old
992,A14,13,A34,A46,3552,A65,A72,2,male,A101,1,A122,37,A143,A152,2,A172,2,A191,A201,1,old
992,A12,16,A31,A43,1574,A62,A73,4,male,A101,4,A123,34,A143,A152,2,A172,2,A191,A201,1,old
992,A14,20,A32,A43,2278,A65,A74,2,male,A101,4,A123,23,A143,A151,4,A172,1,A191,A201,1,young
998,A11,39,A32,A42,3959,A61,A71,4,male,A101,3,A122,30,A143,A152,2,A172,1,A192,A201,1,old
998,A14,13,A32,A40,2394,A65,A74,4,male,A101,3,A123,50,A143,A152,2,A173,1,A192,A201,1,old
998,A14,14,A32,A42,1778,A61,A74,3,female,A101,4,A121,31,A143,A152,2,A173,1,A191,A201,1,old
998,A11,30,A32,A41,3857,A61,A73,4,male,A101,4,A122,40,A143,A152,2,A173,1,A192,A201,1,old
998,A12,13,A32,A43,846,A61,A73,4,male,A101,4,A123,38,A143,A152,2,A173,1,A191,A201,1,old
998,A11,45,A32,A43,2223,A61,A73,4,male,A101,4,A124,23,A143,A153,2,A173,1,A192,A201,2,young
998,A12,45,A34,A42,4526,A62,A71,3,male,A101,4,A123,27,A143,A152,2,A173,1,A191,A201,1,old
